sample_id,strain1,strain2,chrom,start,end,length
SMI003-K02-B01-M02,0,1,Pf3D7_01_v3,267970.0,492892.0,224922.0
SMI003-K02-B01-M02,0,1,Pf3D7_01_v3,499681.0,567657.0,67976.0
SMI003-K02-B01-M02,0,1,Pf3D7_02_v3,109248.0,366771.0,257523.0
SMI003-K02-B01-M02,0,1,Pf3D7_02_v3,480927.0,715293.0,234366.0
SMI003-K02-B01-M02,0,1,Pf3D7_02_v3,759738.0,862030.0,102292.0
SMI003-K02-B01-M02,0,1,Pf3D7_03_v3,71040.0,898192.0,827152.0
SMI003-K02-B01-M02,0,1,Pf3D7_04_v3,131210.0,133346.0,2136.0
SMI003-K02-B01-M02,0,1,Pf3D7_04_v3,311508.0,695547.0,384039.0
SMI003-K02-B01-M02,0,1,Pf3D7_04_v3,836547.0,1143965.0,307418.0
SMI003-K02-B01-M02,0,1,Pf3D7_05_v3,39872.0,371794.0,331922.0
SMI003-K02-B01-M02,0,1,Pf3D7_05_v3,565717.0,806914.0,241197.0
SMI003-K02-B01-M02,0,1,Pf3D7_05_v3,1199990.0,1321074.0,121084.0
SMI003-K02-B01-M02,0,1,Pf3D7_06_v3,74373.0,416492.0,342119.0
SMI003-K02-B01-M02,0,1,Pf3D7_06_v3,685943.0,687394.0,1451.0
SMI003-K02-B01-M02,0,1,Pf3D7_06_v3,1055358.0,1294070.0,238712.0
SMI003-K02-B01-M02,0,1,Pf3D7_07_v3,77194.0,1380526.0,1303332.0
SMI003-K02-B01-M02,0,1,Pf3D7_08_v3,75691.0,258719.0,183028.0
SMI003-K02-B01-M02,0,1,Pf3D7_08_v3,1290961.0,1364499.0,73538.0
SMI003-K02-B01-M02,0,1,Pf3D7_09_v3,82153.0,1472334.0,1390181.0
SMI003-K02-B01-M02,0,1,Pf3D7_10_v3,70764.0,695825.0,625061.0
SMI003-K02-B01-M02,0,1,Pf3D7_10_v3,797801.0,1044939.0,247138.0
SMI003-K02-B01-M02,0,1,Pf3D7_10_v3,1380949.0,1570149.0,189200.0
SMI003-K02-B01-M02,0,1,Pf3D7_11_v3,110641.0,1114208.0,1003567.0
SMI003-K02-B01-M02,0,1,Pf3D7_11_v3,1120267.0,1294414.0,174147.0
SMI003-K02-B01-M02,0,1,Pf3D7_11_v3,1376237.0,2003008.0,626771.0
SMI003-K02-B01-M02,0,1,Pf3D7_12_v3,61435.0,2155095.0,2093660.0
SMI003-K02-B01-M02,0,1,Pf3D7_13_v3,77901.0,781287.0,703386.0
SMI003-K02-B01-M02,0,1,Pf3D7_13_v3,1155025.0,2600426.0,1445401.0
SMI003-K02-B01-M02,0,1,Pf3D7_14_v3,771541.0,2611706.0,1840165.0
SMI003-K02-B01-M02,0,1,Pf3D7_14_v3,2621742.0,3100739.0,478997.0
SMI003-K02-B01-M02,0,1,Pf3D7_14_v3,3125749.0,3216512.0,90763.0
SMI005-K02-B01-M01,0,1,Pf3D7_01_v3,512627.0,567657.0,55030.0
SMI005-K02-B01-M01,0,1,Pf3D7_02_v3,109248.0,862030.0,752782.0
SMI005-K02-B01-M01,0,1,Pf3D7_03_v3,71040.0,83699.0,12659.0
SMI005-K02-B01-M01,0,1,Pf3D7_03_v3,562561.0,818649.0,256088.0
SMI005-K02-B01-M01,0,1,Pf3D7_04_v3,515611.0,812994.0,297383.0
SMI005-K02-B01-M01,0,1,Pf3D7_04_v3,898668.0,993767.0,95099.0
SMI005-K02-B01-M01,0,1,Pf3D7_04_v3,1101065.0,1143965.0,42900.0
SMI005-K02-B01-M01,0,1,Pf3D7_05_v3,39872.0,69564.0,29692.0
SMI005-K02-B01-M01,0,1,Pf3D7_05_v3,91908.0,514883.0,422975.0
SMI005-K02-B01-M01,0,1,Pf3D7_05_v3,806914.0,1321074.0,514160.0
SMI005-K02-B01-M01,0,1,Pf3D7_06_v3,74373.0,685943.0,611570.0
SMI005-K02-B01-M01,0,1,Pf3D7_06_v3,965996.0,1289341.0,323345.0
SMI005-K02-B01-M01,0,1,Pf3D7_07_v3,204876.0,383527.0,178651.0
SMI005-K02-B01-M01,0,1,Pf3D7_07_v3,664698.0,1020674.0,355976.0
SMI005-K02-B01-M01,0,1,Pf3D7_08_v3,339406.0,1102951.0,763545.0
SMI005-K02-B01-M01,0,1,Pf3D7_09_v3,1447687.0,1472334.0,24647.0
SMI005-K02-B01-M01,0,1,Pf3D7_10_v3,70764.0,1570149.0,1499385.0
SMI005-K02-B01-M01,0,1,Pf3D7_11_v3,110641.0,360271.0,249630.0
SMI005-K02-B01-M01,0,1,Pf3D7_11_v3,389066.0,1114208.0,725142.0
SMI005-K02-B01-M01,0,1,Pf3D7_11_v3,1595699.0,1741217.0,145518.0
SMI005-K02-B01-M01,0,1,Pf3D7_12_v3,1068436.0,2155095.0,1086659.0
SMI005-K02-B01-M01,0,1,Pf3D7_13_v3,77901.0,860281.0,782380.0
SMI005-K02-B01-M01,0,1,Pf3D7_13_v3,1155025.0,1611247.0,456222.0
SMI005-K02-B01-M01,0,1,Pf3D7_14_v3,1226565.0,1554029.0,327464.0
SMI005-K02-B01-M01,0,1,Pf3D7_14_v3,3087492.0,3255607.0,168115.0
SMI009-K02-B01-M01,0,1,Pf3D7_01_v3,161480.0,487895.0,326415.0
SMI009-K02-B01-M01,0,1,Pf3D7_03_v3,563024.0,565085.0,2061.0
SMI009-K02-B01-M01,0,1,Pf3D7_03_v3,958385.0,1002946.0,44561.0
SMI009-K02-B01-M01,0,1,Pf3D7_04_v3,91817.0,515611.0,423794.0
SMI009-K02-B01-M01,0,1,Pf3D7_04_v3,520214.0,898668.0,378454.0
SMI009-K02-B01-M01,0,1,Pf3D7_05_v3,806914.0,1216928.0,410014.0
SMI009-K02-B01-M01,0,1,Pf3D7_06_v3,970261.0,1294070.0,323809.0
SMI009-K02-B01-M01,0,1,Pf3D7_07_v3,77194.0,466431.0,389237.0
SMI009-K02-B01-M01,0,1,Pf3D7_08_v3,332377.0,477287.0,144910.0
SMI009-K02-B01-M01,0,1,Pf3D7_08_v3,1174850.0,1310903.0,136053.0
SMI009-K02-B01-M01,0,1,Pf3D7_08_v3,1310970.0,1364499.0,53529.0
SMI009-K02-B01-M01,0,1,Pf3D7_09_v3,82153.0,164244.0,82091.0
SMI009-K02-B01-M01,0,1,Pf3D7_10_v3,150023.0,188881.0,38858.0
SMI009-K02-B01-M01,0,1,Pf3D7_10_v3,1407521.0,1499415.0,91894.0
SMI009-K02-B01-M01,0,1,Pf3D7_11_v3,1114208.0,1263784.0,149576.0
SMI009-K02-B01-M01,0,1,Pf3D7_11_v3,1902248.0,2003008.0,100760.0
SMI009-K02-B01-M01,0,1,Pf3D7_12_v3,61435.0,857245.0,795810.0
SMI009-K02-B01-M01,0,1,Pf3D7_12_v3,1015328.0,1094412.0,79084.0
SMI009-K02-B01-M01,0,1,Pf3D7_12_v3,2030348.0,2155095.0,124747.0
SMI009-K02-B01-M01,0,1,Pf3D7_13_v3,77901.0,1013674.0,935773.0
SMI009-K02-B01-M01,0,1,Pf3D7_13_v3,1670479.0,2380323.0,709844.0
SMI009-K02-B01-M01,0,1,Pf3D7_14_v3,2724079.0,2873645.0,149566.0
SMI001-K03-B01-M02,0,1,Pf3D7_01_v3,144870.0,567657.0,422787.0
SMI001-K03-B01-M02,0,1,Pf3D7_02_v3,109248.0,862030.0,752782.0
SMI001-K03-B01-M02,0,1,Pf3D7_03_v3,71040.0,251222.0,180182.0
SMI001-K03-B01-M02,0,1,Pf3D7_03_v3,717928.0,1002946.0,285018.0
SMI001-K03-B01-M02,0,1,Pf3D7_04_v3,91817.0,324062.0,232245.0
SMI001-K03-B01-M02,0,1,Pf3D7_04_v3,515611.0,993767.0,478156.0
SMI001-K03-B01-M02,0,1,Pf3D7_04_v3,1100699.0,1143965.0,43266.0
SMI001-K03-B01-M02,0,1,Pf3D7_05_v3,39872.0,269653.0,229781.0
SMI001-K03-B01-M02,0,1,Pf3D7_05_v3,806914.0,1009091.0,202177.0
SMI001-K03-B01-M02,0,1,Pf3D7_05_v3,1172665.0,1184046.0,11381.0
SMI001-K03-B01-M02,0,1,Pf3D7_05_v3,1217961.0,1321074.0,103113.0
SMI001-K03-B01-M02,0,1,Pf3D7_06_v3,74373.0,887931.0,813558.0
SMI001-K03-B01-M02,0,1,Pf3D7_07_v3,449987.0,484975.0,34988.0
SMI001-K03-B01-M02,0,1,Pf3D7_07_v3,485646.0,1206069.0,720423.0
SMI001-K03-B01-M02,0,1,Pf3D7_08_v3,259888.0,468487.0,208599.0
SMI001-K03-B01-M02,0,1,Pf3D7_08_v3,486709.0,886458.0,399749.0
SMI001-K03-B01-M02,0,1,Pf3D7_08_v3,1117245.0,1364499.0,247254.0
SMI001-K03-B01-M02,0,1,Pf3D7_09_v3,82153.0,164244.0,82091.0
SMI001-K03-B01-M02,0,1,Pf3D7_09_v3,799896.0,1472334.0,672438.0
SMI001-K03-B01-M02,0,1,Pf3D7_10_v3,70764.0,912627.0,841863.0
SMI001-K03-B01-M02,0,1,Pf3D7_10_v3,1439013.0,1570149.0,131136.0
SMI001-K03-B01-M02,0,1,Pf3D7_11_v3,110641.0,1294355.0,1183714.0
SMI001-K03-B01-M02,0,1,Pf3D7_11_v3,1816269.0,1986200.0,169931.0
SMI001-K03-B01-M02,0,1,Pf3D7_12_v3,892971.0,1015328.0,122357.0
SMI001-K03-B01-M02,0,1,Pf3D7_12_v3,1420949.0,2155095.0,734146.0
SMI001-K03-B01-M02,0,1,Pf3D7_13_v3,77901.0,78593.0,692.0
SMI001-K03-B01-M02,0,1,Pf3D7_13_v3,194874.0,1774926.0,1580052.0
SMI001-K03-B01-M02,0,1,Pf3D7_13_v3,1970762.0,2110966.0,140204.0
SMI001-K03-B01-M02,0,1,Pf3D7_13_v3,2341466.0,2788579.0,447113.0
SMI001-K03-B01-M02,0,1,Pf3D7_14_v3,35796.0,487308.0,451512.0
SMI001-K03-B01-M02,0,1,Pf3D7_14_v3,1226565.0,1307328.0,80763.0
SMI001-K03-B01-M02,0,1,Pf3D7_14_v3,1903074.0,2559751.0,656677.0
SMI001-K03-B01-M02,0,1,Pf3D7_14_v3,2967750.0,3255607.0,287857.0
SMI001-K03-B01-M02,0,2,Pf3D7_01_v3,95518.0,562093.0,466575.0
SMI001-K03-B01-M02,0,2,Pf3D7_02_v3,297021.0,546511.0,249490.0
SMI001-K03-B01-M02,0,2,Pf3D7_03_v3,83699.0,251222.0,167523.0
SMI001-K03-B01-M02,0,2,Pf3D7_03_v3,501876.0,717928.0,216052.0
SMI001-K03-B01-M02,0,2,Pf3D7_04_v3,324062.0,515611.0,191549.0
SMI001-K03-B01-M02,0,2,Pf3D7_04_v3,520106.0,993767.0,473661.0
SMI001-K03-B01-M02,0,2,Pf3D7_05_v3,269653.0,806914.0,537261.0
SMI001-K03-B01-M02,0,2,Pf3D7_05_v3,1217961.0,1321074.0,103113.0
SMI001-K03-B01-M02,0,2,Pf3D7_06_v3,74373.0,887931.0,813558.0
SMI001-K03-B01-M02,0,2,Pf3D7_07_v3,204876.0,449987.0,245111.0
SMI001-K03-B01-M02,0,2,Pf3D7_07_v3,1206069.0,1380526.0,174457.0
SMI001-K03-B01-M02,0,2,Pf3D7_08_v3,75691.0,259888.0,184197.0
SMI001-K03-B01-M02,0,2,Pf3D7_08_v3,486709.0,703811.0,217102.0
SMI001-K03-B01-M02,0,2,Pf3D7_08_v3,895234.0,1104331.0,209097.0
SMI001-K03-B01-M02,0,2,Pf3D7_09_v3,164244.0,799896.0,635652.0
SMI001-K03-B01-M02,0,2,Pf3D7_09_v3,1415251.0,1472334.0,57083.0
SMI001-K03-B01-M02,0,2,Pf3D7_10_v3,70764.0,1439013.0,1368249.0
SMI001-K03-B01-M02,0,2,Pf3D7_10_v3,1499415.0,1570149.0,70734.0
SMI001-K03-B01-M02,0,2,Pf3D7_11_v3,110641.0,1294355.0,1183714.0
SMI001-K03-B01-M02,0,2,Pf3D7_11_v3,1816269.0,2003008.0,186739.0
SMI001-K03-B01-M02,0,2,Pf3D7_12_v3,61435.0,1015328.0,953893.0
SMI001-K03-B01-M02,0,2,Pf3D7_12_v3,1681840.0,2006830.0,324990.0
SMI001-K03-B01-M02,0,2,Pf3D7_13_v3,194874.0,766921.0,572047.0
SMI001-K03-B01-M02,0,2,Pf3D7_13_v3,1155025.0,1970762.0,815737.0
SMI001-K03-B01-M02,0,2,Pf3D7_13_v3,2341466.0,2788579.0,447113.0
SMI001-K03-B01-M02,0,2,Pf3D7_14_v3,35796.0,1226565.0,1190769.0
SMI001-K03-B01-M02,0,2,Pf3D7_14_v3,1307328.0,3255607.0,1948279.0
SMI001-K03-B01-M02,1,2,Pf3D7_01_v3,144870.0,562093.0,417223.0
SMI001-K03-B01-M02,1,2,Pf3D7_02_v3,297021.0,546511.0,249490.0
SMI001-K03-B01-M02,1,2,Pf3D7_03_v3,83699.0,501876.0,418177.0
SMI001-K03-B01-M02,1,2,Pf3D7_04_v3,520106.0,1100699.0,580593.0
SMI001-K03-B01-M02,1,2,Pf3D7_05_v3,1009091.0,1172665.0,163574.0
SMI001-K03-B01-M02,1,2,Pf3D7_05_v3,1184046.0,1321074.0,137028.0
SMI001-K03-B01-M02,1,2,Pf3D7_06_v3,74373.0,1294070.0,1219697.0
SMI001-K03-B01-M02,1,2,Pf3D7_07_v3,77194.0,204876.0,127682.0
SMI001-K03-B01-M02,1,2,Pf3D7_07_v3,484975.0,485646.0,671.0
SMI001-K03-B01-M02,1,2,Pf3D7_08_v3,468487.0,703811.0,235324.0
SMI001-K03-B01-M02,1,2,Pf3D7_08_v3,886458.0,895234.0,8776.0
SMI001-K03-B01-M02,1,2,Pf3D7_08_v3,1104331.0,1117245.0,12914.0
SMI001-K03-B01-M02,1,2,Pf3D7_09_v3,1415251.0,1472334.0,57083.0
SMI001-K03-B01-M02,1,2,Pf3D7_10_v3,70764.0,912627.0,841863.0
SMI001-K03-B01-M02,1,2,Pf3D7_10_v3,1499415.0,1570149.0,70734.0
SMI001-K03-B01-M02,1,2,Pf3D7_11_v3,110641.0,1986200.0,1875559.0
SMI001-K03-B01-M02,1,2,Pf3D7_12_v3,892971.0,1420949.0,527978.0
SMI001-K03-B01-M02,1,2,Pf3D7_12_v3,1681840.0,2006830.0,324990.0
SMI001-K03-B01-M02,1,2,Pf3D7_13_v3,78593.0,766921.0,688328.0
SMI001-K03-B01-M02,1,2,Pf3D7_13_v3,1155025.0,1774926.0,619901.0
SMI001-K03-B01-M02,1,2,Pf3D7_13_v3,2110966.0,2788579.0,677613.0
SMI001-K03-B01-M02,1,2,Pf3D7_14_v3,35796.0,487308.0,451512.0
SMI001-K03-B01-M02,1,2,Pf3D7_14_v3,1903074.0,2559751.0,656677.0
SMI001-K03-B01-M02,1,2,Pf3D7_14_v3,2967750.0,3255607.0,287857.0
SMI002-K03-B02-M02,0,1,Pf3D7_01_v3,95518.0,267970.0,172452.0
SMI002-K03-B02-M02,0,1,Pf3D7_01_v3,467092.0,531963.0,64871.0
SMI002-K03-B02-M02,0,1,Pf3D7_03_v3,83699.0,1002946.0,919247.0
SMI002-K03-B02-M02,0,1,Pf3D7_04_v3,91817.0,394202.0,302385.0
SMI002-K03-B02-M02,0,1,Pf3D7_04_v3,990875.0,1037656.0,46781.0
SMI002-K03-B02-M02,0,1,Pf3D7_04_v3,1050905.0,1143965.0,93060.0
SMI002-K03-B02-M02,0,1,Pf3D7_05_v3,39872.0,806914.0,767042.0
SMI002-K03-B02-M02,0,1,Pf3D7_06_v3,685943.0,1294070.0,608127.0
SMI002-K03-B02-M02,0,1,Pf3D7_07_v3,77194.0,633046.0,555852.0
SMI002-K03-B02-M02,0,1,Pf3D7_07_v3,1008272.0,1361219.0,352947.0
SMI002-K03-B02-M02,0,1,Pf3D7_08_v3,486709.0,1168116.0,681407.0
SMI002-K03-B02-M02,0,1,Pf3D7_08_v3,1311849.0,1364499.0,52650.0
SMI002-K03-B02-M02,0,1,Pf3D7_09_v3,82153.0,318911.0,236758.0
SMI002-K03-B02-M02,0,1,Pf3D7_09_v3,850094.0,1427845.0,577751.0
SMI002-K03-B02-M02,0,1,Pf3D7_10_v3,325616.0,1570149.0,1244533.0
SMI002-K03-B02-M02,0,1,Pf3D7_11_v3,110641.0,1114208.0,1003567.0
SMI002-K03-B02-M02,0,1,Pf3D7_11_v3,1990936.0,2003008.0,12072.0
SMI002-K03-B02-M02,0,1,Pf3D7_12_v3,61435.0,1015328.0,953893.0
SMI002-K03-B02-M02,0,1,Pf3D7_12_v3,1068436.0,1653113.0,584677.0
SMI002-K03-B02-M02,0,1,Pf3D7_12_v3,2006830.0,2155095.0,148265.0
SMI002-K03-B02-M02,0,1,Pf3D7_13_v3,77901.0,827083.0,749182.0
SMI002-K03-B02-M02,0,1,Pf3D7_13_v3,1155025.0,1395115.0,240090.0
SMI002-K03-B02-M02,0,1,Pf3D7_14_v3,407357.0,1518847.0,1111490.0
SMI002-K03-B02-M02,0,1,Pf3D7_14_v3,2578070.0,3255607.0,677537.0
SMI003-K03-B01-M01,0,1,Pf3D7_01_v3,438733.0,567657.0,128924.0
SMI003-K03-B01-M01,0,1,Pf3D7_02_v3,109248.0,346073.0,236825.0
SMI003-K03-B01-M01,0,1,Pf3D7_03_v3,83699.0,698752.0,615053.0
SMI003-K03-B01-M01,0,1,Pf3D7_03_v3,788886.0,1002946.0,214060.0
SMI003-K03-B01-M01,0,1,Pf3D7_04_v3,91817.0,515611.0,423794.0
SMI003-K03-B01-M01,0,1,Pf3D7_04_v3,993767.0,1043010.0,49243.0
SMI003-K03-B01-M01,0,1,Pf3D7_05_v3,99196.0,277520.0,178324.0
SMI003-K03-B01-M01,0,1,Pf3D7_05_v3,279344.0,538337.0,258993.0
SMI003-K03-B01-M01,0,1,Pf3D7_06_v3,637624.0,816606.0,178982.0
SMI003-K03-B01-M01,0,1,Pf3D7_07_v3,204876.0,614645.0,409769.0
SMI003-K03-B01-M01,0,1,Pf3D7_07_v3,905648.0,1129144.0,223496.0
SMI003-K03-B01-M01,0,1,Pf3D7_09_v3,1084846.0,1335843.0,250997.0
SMI003-K03-B01-M01,0,1,Pf3D7_09_v3,1379145.0,1472334.0,93189.0
SMI003-K03-B01-M01,0,1,Pf3D7_10_v3,70764.0,188537.0,117773.0
SMI003-K03-B01-M01,0,1,Pf3D7_10_v3,240614.0,325616.0,85002.0
SMI003-K03-B01-M01,0,1,Pf3D7_11_v3,1114208.0,2003008.0,888800.0
SMI003-K03-B01-M01,0,1,Pf3D7_12_v3,61435.0,175141.0,113706.0
SMI003-K03-B01-M01,0,1,Pf3D7_12_v3,857245.0,1015328.0,158083.0
SMI003-K03-B01-M01,0,1,Pf3D7_12_v3,1989820.0,2155095.0,165275.0
SMI003-K03-B01-M01,0,1,Pf3D7_13_v3,77901.0,1155025.0,1077124.0
SMI003-K03-B01-M01,0,1,Pf3D7_14_v3,1362567.0,1994906.0,632339.0
SMI003-K03-B01-M01,0,2,Pf3D7_02_v3,374366.0,845983.0,471617.0
SMI003-K03-B01-M01,0,2,Pf3D7_03_v3,698752.0,788886.0,90134.0
SMI003-K03-B01-M01,0,2,Pf3D7_04_v3,902548.0,993767.0,91219.0
SMI003-K03-B01-M01,0,2,Pf3D7_05_v3,52931.0,99196.0,46265.0
SMI003-K03-B01-M01,0,2,Pf3D7_05_v3,538337.0,806914.0,268577.0
SMI003-K03-B01-M01,0,2,Pf3D7_06_v3,977100.0,1050878.0,73778.0
SMI003-K03-B01-M01,0,2,Pf3D7_07_v3,169310.0,204876.0,35566.0
SMI003-K03-B01-M01,0,2,Pf3D7_07_v3,614645.0,905648.0,291003.0
SMI003-K03-B01-M01,0,2,Pf3D7_08_v3,708827.0,1364499.0,655672.0
SMI003-K03-B01-M01,0,2,Pf3D7_09_v3,82153.0,1084846.0,1002693.0
SMI003-K03-B01-M01,0,2,Pf3D7_10_v3,1499415.0,1570149.0,70734.0
SMI003-K03-B01-M01,0,2,Pf3D7_11_v3,110641.0,265114.0,154473.0
SMI003-K03-B01-M01,0,2,Pf3D7_12_v3,175141.0,857245.0,682104.0
SMI003-K03-B01-M01,0,2,Pf3D7_12_v3,1015328.0,1989820.0,974492.0
SMI003-K03-B01-M01,0,2,Pf3D7_13_v3,1155025.0,2788579.0,1633554.0
SMI003-K03-B01-M01,0,2,Pf3D7_14_v3,35796.0,868378.0,832582.0
SMI003-K03-B01-M01,0,2,Pf3D7_14_v3,2395496.0,2954809.0,559313.0
SMI003-K03-B01-M01,0,2,Pf3D7_14_v3,3087492.0,3255607.0,168115.0
SMI003-K03-B01-M01,1,2,Pf3D7_01_v3,95518.0,438733.0,343215.0
SMI003-K03-B01-M01,1,2,Pf3D7_02_v3,346073.0,374366.0,28293.0
SMI003-K03-B01-M01,1,2,Pf3D7_02_v3,845983.0,862030.0,16047.0
SMI003-K03-B01-M01,1,2,Pf3D7_03_v3,71040.0,83699.0,12659.0
SMI003-K03-B01-M01,1,2,Pf3D7_04_v3,515611.0,902548.0,386937.0
SMI003-K03-B01-M01,1,2,Pf3D7_04_v3,1043010.0,1143965.0,100955.0
SMI003-K03-B01-M01,1,2,Pf3D7_05_v3,39872.0,52931.0,13059.0
SMI003-K03-B01-M01,1,2,Pf3D7_05_v3,277520.0,279344.0,1824.0
SMI003-K03-B01-M01,1,2,Pf3D7_05_v3,806914.0,1321074.0,514160.0
SMI003-K03-B01-M01,1,2,Pf3D7_06_v3,74373.0,637624.0,563251.0
SMI003-K03-B01-M01,1,2,Pf3D7_06_v3,816606.0,977100.0,160494.0
SMI003-K03-B01-M01,1,2,Pf3D7_06_v3,1050878.0,1294070.0,243192.0
SMI003-K03-B01-M01,1,2,Pf3D7_07_v3,77194.0,169310.0,92116.0
SMI003-K03-B01-M01,1,2,Pf3D7_07_v3,1129144.0,1380526.0,251382.0
SMI003-K03-B01-M01,1,2,Pf3D7_08_v3,75691.0,708827.0,633136.0
SMI003-K03-B01-M01,1,2,Pf3D7_09_v3,1335843.0,1379145.0,43302.0
SMI003-K03-B01-M01,1,2,Pf3D7_10_v3,188537.0,240614.0,52077.0
SMI003-K03-B01-M01,1,2,Pf3D7_10_v3,325616.0,1499415.0,1173799.0
SMI003-K03-B01-M01,1,2,Pf3D7_11_v3,265114.0,1114208.0,849094.0
SMI003-K03-B01-M01,1,2,Pf3D7_14_v3,868378.0,1362567.0,494189.0
SMI003-K03-B01-M01,1,2,Pf3D7_14_v3,1994906.0,2395496.0,400590.0
SMI003-K03-B01-M01,1,2,Pf3D7_14_v3,2954809.0,3087492.0,132683.0
SMI004-K03-B01-M02,0,1,Pf3D7_01_v3,95518.0,239972.0,144454.0
SMI004-K03-B01-M02,0,1,Pf3D7_01_v3,267970.0,492563.0,224593.0
SMI004-K03-B01-M02,0,1,Pf3D7_01_v3,529194.0,535211.0,6017.0
SMI004-K03-B01-M02,0,1,Pf3D7_02_v3,290667.0,306135.0,15468.0
SMI004-K03-B01-M02,0,1,Pf3D7_02_v3,792976.0,862030.0,69054.0
SMI004-K03-B01-M02,0,1,Pf3D7_03_v3,71040.0,83699.0,12659.0
SMI004-K03-B01-M02,0,1,Pf3D7_03_v3,118942.0,143613.0,24671.0
SMI004-K03-B01-M02,0,1,Pf3D7_03_v3,358276.0,1002946.0,644670.0
SMI004-K03-B01-M02,0,1,Pf3D7_04_v3,91817.0,515611.0,423794.0
SMI004-K03-B01-M02,0,1,Pf3D7_04_v3,630569.0,896804.0,266235.0
SMI004-K03-B01-M02,0,1,Pf3D7_04_v3,911002.0,1143965.0,232963.0
SMI004-K03-B01-M02,0,1,Pf3D7_05_v3,39872.0,505628.0,465756.0
SMI004-K03-B01-M02,0,1,Pf3D7_05_v3,1007374.0,1321074.0,313700.0
SMI004-K03-B01-M02,0,1,Pf3D7_06_v3,74373.0,116977.0,42604.0
SMI004-K03-B01-M02,0,1,Pf3D7_06_v3,316674.0,377297.0,60623.0
SMI004-K03-B01-M02,0,1,Pf3D7_06_v3,382976.0,532206.0,149230.0
SMI004-K03-B01-M02,0,1,Pf3D7_06_v3,532523.0,663583.0,131060.0
SMI004-K03-B01-M02,0,1,Pf3D7_06_v3,887931.0,1294070.0,406139.0
SMI004-K03-B01-M02,0,1,Pf3D7_07_v3,77194.0,204876.0,127682.0
SMI004-K03-B01-M02,0,1,Pf3D7_07_v3,627763.0,629386.0,1623.0
SMI004-K03-B01-M02,0,1,Pf3D7_07_v3,1252517.0,1265909.0,13392.0
SMI004-K03-B01-M02,0,1,Pf3D7_08_v3,75691.0,406895.0,331204.0
SMI004-K03-B01-M02,0,1,Pf3D7_08_v3,414093.0,426829.0,12736.0
SMI004-K03-B01-M02,0,1,Pf3D7_08_v3,478351.0,486709.0,8358.0
SMI004-K03-B01-M02,0,1,Pf3D7_08_v3,674002.0,1187420.0,513418.0
SMI004-K03-B01-M02,0,1,Pf3D7_08_v3,1312003.0,1364499.0,52496.0
SMI004-K03-B01-M02,0,1,Pf3D7_09_v3,82153.0,707784.0,625631.0
SMI004-K03-B01-M02,0,1,Pf3D7_09_v3,1415251.0,1462958.0,47707.0
SMI004-K03-B01-M02,0,1,Pf3D7_10_v3,727856.0,1016335.0,288479.0
SMI004-K03-B01-M02,0,1,Pf3D7_10_v3,1094351.0,1304959.0,210608.0
SMI004-K03-B01-M02,0,1,Pf3D7_10_v3,1551520.0,1570149.0,18629.0
SMI004-K03-B01-M02,0,1,Pf3D7_11_v3,110641.0,1114208.0,1003567.0
SMI004-K03-B01-M02,0,1,Pf3D7_11_v3,1263156.0,1375988.0,112832.0
SMI004-K03-B01-M02,0,1,Pf3D7_11_v3,1967527.0,2003008.0,35481.0
SMI004-K03-B01-M02,0,1,Pf3D7_12_v3,61435.0,1015328.0,953893.0
SMI004-K03-B01-M02,0,1,Pf3D7_12_v3,1395317.0,2155095.0,759778.0
SMI004-K03-B01-M02,0,1,Pf3D7_13_v3,77901.0,139545.0,61644.0
SMI004-K03-B01-M02,0,1,Pf3D7_13_v3,781287.0,2103416.0,1322129.0
SMI004-K03-B01-M02,0,1,Pf3D7_13_v3,2408374.0,2788579.0,380205.0
SMI004-K03-B01-M02,0,1,Pf3D7_14_v3,35796.0,487308.0,451512.0
SMI004-K03-B01-M02,0,1,Pf3D7_14_v3,2387866.0,2674607.0,286741.0
SMI004-K03-B01-M02,0,1,Pf3D7_14_v3,2695923.0,2816765.0,120842.0
SMI004-K03-B01-M02,0,1,Pf3D7_14_v3,3189467.0,3255607.0,66140.0
SMI004-K03-B01-M02,0,2,Pf3D7_01_v3,267970.0,500349.0,232379.0
SMI004-K03-B01-M02,0,2,Pf3D7_01_v3,535211.0,567657.0,32446.0
SMI004-K03-B01-M02,0,2,Pf3D7_02_v3,109248.0,306135.0,196887.0
SMI004-K03-B01-M02,0,2,Pf3D7_02_v3,792976.0,862030.0,69054.0
SMI004-K03-B01-M02,0,2,Pf3D7_03_v3,83699.0,118942.0,35243.0
SMI004-K03-B01-M02,0,2,Pf3D7_03_v3,358276.0,471494.0,113218.0
SMI004-K03-B01-M02,0,2,Pf3D7_03_v3,924907.0,1002946.0,78039.0
SMI004-K03-B01-M02,0,2,Pf3D7_04_v3,91817.0,515611.0,423794.0
SMI004-K03-B01-M02,0,2,Pf3D7_04_v3,520106.0,1143965.0,623859.0
SMI004-K03-B01-M02,0,2,Pf3D7_05_v3,39872.0,144161.0,104289.0
SMI004-K03-B01-M02,0,2,Pf3D7_05_v3,288857.0,1321074.0,1032217.0
SMI004-K03-B01-M02,0,2,Pf3D7_06_v3,74373.0,377297.0,302924.0
SMI004-K03-B01-M02,0,2,Pf3D7_06_v3,382976.0,532206.0,149230.0
SMI004-K03-B01-M02,0,2,Pf3D7_06_v3,532523.0,1294070.0,761547.0
SMI004-K03-B01-M02,0,2,Pf3D7_07_v3,77194.0,204876.0,127682.0
SMI004-K03-B01-M02,0,2,Pf3D7_07_v3,384293.0,633046.0,248753.0
SMI004-K03-B01-M02,0,2,Pf3D7_08_v3,191200.0,426829.0,235629.0
SMI004-K03-B01-M02,0,2,Pf3D7_08_v3,478351.0,486709.0,8358.0
SMI004-K03-B01-M02,0,2,Pf3D7_08_v3,674002.0,1364499.0,690497.0
SMI004-K03-B01-M02,0,2,Pf3D7_09_v3,82153.0,707784.0,625631.0
SMI004-K03-B01-M02,0,2,Pf3D7_09_v3,1415251.0,1472334.0,57083.0
SMI004-K03-B01-M02,0,2,Pf3D7_10_v3,70764.0,669306.0,598542.0
SMI004-K03-B01-M02,0,2,Pf3D7_10_v3,1016335.0,1094351.0,78016.0
SMI004-K03-B01-M02,0,2,Pf3D7_10_v3,1304959.0,1318156.0,13197.0
SMI004-K03-B01-M02,0,2,Pf3D7_10_v3,1499415.0,1570149.0,70734.0
SMI004-K03-B01-M02,0,2,Pf3D7_11_v3,110641.0,696098.0,585457.0
SMI004-K03-B01-M02,0,2,Pf3D7_11_v3,1114208.0,1263156.0,148948.0
SMI004-K03-B01-M02,0,2,Pf3D7_11_v3,1967527.0,2003008.0,35481.0
SMI004-K03-B01-M02,0,2,Pf3D7_12_v3,61435.0,1015328.0,953893.0
SMI004-K03-B01-M02,0,2,Pf3D7_13_v3,95119.0,157400.0,62281.0
SMI004-K03-B01-M02,0,2,Pf3D7_13_v3,781287.0,1661966.0,880679.0
SMI004-K03-B01-M02,0,2,Pf3D7_13_v3,2103416.0,2408374.0,304958.0
SMI004-K03-B01-M02,0,2,Pf3D7_14_v3,771557.0,914021.0,142464.0
SMI004-K03-B01-M02,0,2,Pf3D7_14_v3,2124198.0,2674607.0,550409.0
SMI004-K03-B01-M02,0,2,Pf3D7_14_v3,2695923.0,2816765.0,120842.0
SMI004-K03-B01-M02,0,2,Pf3D7_14_v3,3189467.0,3255607.0,66140.0
SMI004-K03-B01-M02,1,2,Pf3D7_01_v3,239972.0,492563.0,252591.0
SMI004-K03-B01-M02,1,2,Pf3D7_01_v3,500349.0,529194.0,28845.0
SMI004-K03-B01-M02,1,2,Pf3D7_02_v3,290667.0,862030.0,571363.0
SMI004-K03-B01-M02,1,2,Pf3D7_03_v3,143613.0,471494.0,327881.0
SMI004-K03-B01-M02,1,2,Pf3D7_03_v3,924907.0,1002946.0,78039.0
SMI004-K03-B01-M02,1,2,Pf3D7_04_v3,91817.0,520106.0,428289.0
SMI004-K03-B01-M02,1,2,Pf3D7_04_v3,630569.0,896804.0,266235.0
SMI004-K03-B01-M02,1,2,Pf3D7_04_v3,911002.0,1143965.0,232963.0
SMI004-K03-B01-M02,1,2,Pf3D7_05_v3,39872.0,144161.0,104289.0
SMI004-K03-B01-M02,1,2,Pf3D7_05_v3,288857.0,505628.0,216771.0
SMI004-K03-B01-M02,1,2,Pf3D7_05_v3,1007374.0,1321074.0,313700.0
SMI004-K03-B01-M02,1,2,Pf3D7_06_v3,74373.0,116977.0,42604.0
SMI004-K03-B01-M02,1,2,Pf3D7_06_v3,316674.0,663583.0,346909.0
SMI004-K03-B01-M02,1,2,Pf3D7_06_v3,887931.0,1294070.0,406139.0
SMI004-K03-B01-M02,1,2,Pf3D7_07_v3,77194.0,384293.0,307099.0
SMI004-K03-B01-M02,1,2,Pf3D7_07_v3,627763.0,629386.0,1623.0
SMI004-K03-B01-M02,1,2,Pf3D7_07_v3,633046.0,1252517.0,619471.0
SMI004-K03-B01-M02,1,2,Pf3D7_07_v3,1265909.0,1380526.0,114617.0
SMI004-K03-B01-M02,1,2,Pf3D7_08_v3,191200.0,406895.0,215695.0
SMI004-K03-B01-M02,1,2,Pf3D7_08_v3,414093.0,1187420.0,773327.0
SMI004-K03-B01-M02,1,2,Pf3D7_08_v3,1312003.0,1364499.0,52496.0
SMI004-K03-B01-M02,1,2,Pf3D7_09_v3,82153.0,1462958.0,1380805.0
SMI004-K03-B01-M02,1,2,Pf3D7_10_v3,669306.0,727856.0,58550.0
SMI004-K03-B01-M02,1,2,Pf3D7_10_v3,1318156.0,1499415.0,181259.0
SMI004-K03-B01-M02,1,2,Pf3D7_10_v3,1551520.0,1570149.0,18629.0
SMI004-K03-B01-M02,1,2,Pf3D7_11_v3,110641.0,696098.0,585457.0
SMI004-K03-B01-M02,1,2,Pf3D7_11_v3,1375988.0,2003008.0,627020.0
SMI004-K03-B01-M02,1,2,Pf3D7_12_v3,61435.0,1395317.0,1333882.0
SMI004-K03-B01-M02,1,2,Pf3D7_13_v3,95119.0,139545.0,44426.0
SMI004-K03-B01-M02,1,2,Pf3D7_13_v3,157400.0,1661966.0,1504566.0
SMI004-K03-B01-M02,1,2,Pf3D7_14_v3,487308.0,771557.0,284249.0
SMI004-K03-B01-M02,1,2,Pf3D7_14_v3,914021.0,2124198.0,1210177.0
SMI004-K03-B01-M02,1,2,Pf3D7_14_v3,2387866.0,3255607.0,867741.0
SMI005-K03-B01-M02,0,1,Pf3D7_01_v3,95518.0,567657.0,472139.0
SMI005-K03-B01-M02,0,1,Pf3D7_02_v3,109248.0,423007.0,313759.0
SMI005-K03-B01-M02,0,1,Pf3D7_02_v3,617482.0,862030.0,244548.0
SMI005-K03-B01-M02,0,1,Pf3D7_03_v3,71040.0,471494.0,400454.0
SMI005-K03-B01-M02,0,1,Pf3D7_04_v3,515611.0,993767.0,478156.0
SMI005-K03-B01-M02,0,1,Pf3D7_05_v3,669006.0,1134206.0,465200.0
SMI005-K03-B01-M02,0,1,Pf3D7_05_v3,1207547.0,1321074.0,113527.0
SMI005-K03-B01-M02,0,1,Pf3D7_06_v3,74373.0,816606.0,742233.0
SMI005-K03-B01-M02,0,1,Pf3D7_07_v3,204876.0,1058754.0,853878.0
SMI005-K03-B01-M02,0,1,Pf3D7_07_v3,1158209.0,1380526.0,222317.0
SMI005-K03-B01-M02,0,1,Pf3D7_08_v3,75691.0,708827.0,633136.0
SMI005-K03-B01-M02,0,1,Pf3D7_08_v3,997117.0,1310687.0,313570.0
SMI005-K03-B01-M02,0,1,Pf3D7_09_v3,164244.0,596674.0,432430.0
SMI005-K03-B01-M02,0,1,Pf3D7_10_v3,70764.0,1327364.0,1256600.0
SMI005-K03-B01-M02,0,1,Pf3D7_10_v3,1499415.0,1570149.0,70734.0
SMI005-K03-B01-M02,0,1,Pf3D7_11_v3,110641.0,466252.0,355611.0
SMI005-K03-B01-M02,0,1,Pf3D7_11_v3,1640263.0,2003008.0,362745.0
SMI005-K03-B01-M02,0,1,Pf3D7_12_v3,61435.0,2155095.0,2093660.0
SMI005-K03-B01-M02,0,1,Pf3D7_13_v3,77901.0,762355.0,684454.0
SMI005-K03-B01-M02,0,1,Pf3D7_13_v3,956051.0,2733734.0,1777683.0
SMI005-K03-B01-M02,0,1,Pf3D7_14_v3,35796.0,161286.0,125490.0
SMI005-K03-B01-M02,0,1,Pf3D7_14_v3,487308.0,952999.0,465691.0
SMI005-K03-B01-M02,0,1,Pf3D7_14_v3,1109539.0,2578070.0,1468531.0
SMI005-K03-B01-M02,0,1,Pf3D7_14_v3,2674607.0,3035854.0,361247.0
SMI005-K03-B01-M02,0,1,Pf3D7_14_v3,3087492.0,3121550.0,34058.0
SMI005-K03-B01-M02,0,2,Pf3D7_02_v3,423007.0,766632.0,343625.0
SMI005-K03-B01-M02,0,2,Pf3D7_03_v3,471494.0,1002946.0,531452.0
SMI005-K03-B01-M02,0,2,Pf3D7_04_v3,91817.0,93980.0,2163.0
SMI005-K03-B01-M02,0,2,Pf3D7_04_v3,241092.0,515611.0,274519.0
SMI005-K03-B01-M02,0,2,Pf3D7_04_v3,832259.0,1143965.0,311706.0
SMI005-K03-B01-M02,0,2,Pf3D7_05_v3,39872.0,131223.0,91351.0
SMI005-K03-B01-M02,0,2,Pf3D7_05_v3,288859.0,610138.0,321279.0
SMI005-K03-B01-M02,0,2,Pf3D7_05_v3,1007374.0,1134206.0,126832.0
SMI005-K03-B01-M02,0,2,Pf3D7_05_v3,1188062.0,1207547.0,19485.0
SMI005-K03-B01-M02,0,2,Pf3D7_06_v3,408976.0,634139.0,225163.0
SMI005-K03-B01-M02,0,2,Pf3D7_06_v3,816606.0,1294070.0,477464.0
SMI005-K03-B01-M02,0,2,Pf3D7_07_v3,77194.0,204876.0,127682.0
SMI005-K03-B01-M02,0,2,Pf3D7_07_v3,613596.0,1158209.0,544613.0
SMI005-K03-B01-M02,0,2,Pf3D7_08_v3,75691.0,414502.0,338811.0
SMI005-K03-B01-M02,0,2,Pf3D7_08_v3,491157.0,708827.0,217670.0
SMI005-K03-B01-M02,0,2,Pf3D7_08_v3,1310687.0,1364499.0,53812.0
SMI005-K03-B01-M02,0,2,Pf3D7_09_v3,82153.0,718934.0,636781.0
SMI005-K03-B01-M02,0,2,Pf3D7_09_v3,926696.0,1472334.0,545638.0
SMI005-K03-B01-M02,0,2,Pf3D7_10_v3,1316360.0,1327364.0,11004.0
SMI005-K03-B01-M02,0,2,Pf3D7_10_v3,1499415.0,1570149.0,70734.0
SMI005-K03-B01-M02,0,2,Pf3D7_11_v3,110641.0,1640263.0,1529622.0
SMI005-K03-B01-M02,0,2,Pf3D7_12_v3,817280.0,892971.0,75691.0
SMI005-K03-B01-M02,0,2,Pf3D7_12_v3,942525.0,1015328.0,72803.0
SMI005-K03-B01-M02,0,2,Pf3D7_12_v3,1074431.0,1137244.0,62813.0
SMI005-K03-B01-M02,0,2,Pf3D7_13_v3,155834.0,476274.0,320440.0
SMI005-K03-B01-M02,0,2,Pf3D7_13_v3,1155025.0,2043725.0,888700.0
SMI005-K03-B01-M02,0,2,Pf3D7_13_v3,2733734.0,2788579.0,54845.0
SMI005-K03-B01-M02,0,2,Pf3D7_14_v3,35796.0,66815.0,31019.0
SMI005-K03-B01-M02,0,2,Pf3D7_14_v3,407424.0,487308.0,79884.0
SMI005-K03-B01-M02,0,2,Pf3D7_14_v3,1226565.0,1779031.0,552466.0
SMI005-K03-B01-M02,0,2,Pf3D7_14_v3,2578070.0,2674607.0,96537.0
SMI005-K03-B01-M02,0,2,Pf3D7_14_v3,3035854.0,3087492.0,51638.0
SMI005-K03-B01-M02,0,2,Pf3D7_14_v3,3121550.0,3255607.0,134057.0
SMI005-K03-B01-M02,1,2,Pf3D7_02_v3,617482.0,766632.0,149150.0
SMI005-K03-B01-M02,1,2,Pf3D7_04_v3,93980.0,241092.0,147112.0
SMI005-K03-B01-M02,1,2,Pf3D7_04_v3,832259.0,993767.0,161508.0
SMI005-K03-B01-M02,1,2,Pf3D7_05_v3,131223.0,288859.0,157636.0
SMI005-K03-B01-M02,1,2,Pf3D7_05_v3,610138.0,669006.0,58868.0
SMI005-K03-B01-M02,1,2,Pf3D7_05_v3,1007374.0,1188062.0,180688.0
SMI005-K03-B01-M02,1,2,Pf3D7_06_v3,408976.0,634139.0,225163.0
SMI005-K03-B01-M02,1,2,Pf3D7_07_v3,613596.0,1058754.0,445158.0
SMI005-K03-B01-M02,1,2,Pf3D7_08_v3,75691.0,414502.0,338811.0
SMI005-K03-B01-M02,1,2,Pf3D7_08_v3,491157.0,997117.0,505960.0
SMI005-K03-B01-M02,1,2,Pf3D7_09_v3,164244.0,596674.0,432430.0
SMI005-K03-B01-M02,1,2,Pf3D7_09_v3,718934.0,926696.0,207762.0
SMI005-K03-B01-M02,1,2,Pf3D7_10_v3,1316360.0,1570149.0,253789.0
SMI005-K03-B01-M02,1,2,Pf3D7_11_v3,110641.0,466252.0,355611.0
SMI005-K03-B01-M02,1,2,Pf3D7_12_v3,817280.0,892971.0,75691.0
SMI005-K03-B01-M02,1,2,Pf3D7_12_v3,942525.0,1015328.0,72803.0
SMI005-K03-B01-M02,1,2,Pf3D7_12_v3,1074431.0,1137244.0,62813.0
SMI005-K03-B01-M02,1,2,Pf3D7_13_v3,155834.0,476274.0,320440.0
SMI005-K03-B01-M02,1,2,Pf3D7_13_v3,762355.0,956051.0,193696.0
SMI005-K03-B01-M02,1,2,Pf3D7_13_v3,1155025.0,2043725.0,888700.0
SMI005-K03-B01-M02,1,2,Pf3D7_14_v3,35796.0,66815.0,31019.0
SMI005-K03-B01-M02,1,2,Pf3D7_14_v3,161286.0,407424.0,246138.0
SMI005-K03-B01-M02,1,2,Pf3D7_14_v3,952999.0,1109539.0,156540.0
SMI005-K03-B01-M02,1,2,Pf3D7_14_v3,1226565.0,1779031.0,552466.0
SMI006-K03-B02-M02,0,1,Pf3D7_01_v3,95518.0,567657.0,472139.0
SMI006-K03-B02-M02,0,1,Pf3D7_02_v3,109248.0,380021.0,270773.0
SMI006-K03-B02-M02,0,1,Pf3D7_02_v3,437954.0,862030.0,424076.0
SMI006-K03-B02-M02,0,1,Pf3D7_03_v3,71040.0,1002946.0,931906.0
SMI006-K03-B02-M02,0,1,Pf3D7_04_v3,91817.0,929370.0,837553.0
SMI006-K03-B02-M02,0,1,Pf3D7_04_v3,993767.0,1143965.0,150198.0
SMI006-K03-B02-M02,0,1,Pf3D7_05_v3,39872.0,131223.0,91351.0
SMI006-K03-B02-M02,0,1,Pf3D7_05_v3,806914.0,1321074.0,514160.0
SMI006-K03-B02-M02,0,1,Pf3D7_06_v3,74373.0,381341.0,306968.0
SMI006-K03-B02-M02,0,1,Pf3D7_06_v3,456868.0,571769.0,114901.0
SMI006-K03-B02-M02,0,1,Pf3D7_06_v3,685943.0,1275570.0,589627.0
SMI006-K03-B02-M02,0,1,Pf3D7_07_v3,144837.0,666823.0,521986.0
SMI006-K03-B02-M02,0,1,Pf3D7_07_v3,787582.0,1115080.0,327498.0
SMI006-K03-B02-M02,0,1,Pf3D7_07_v3,1129144.0,1380526.0,251382.0
SMI006-K03-B02-M02,0,1,Pf3D7_08_v3,75691.0,398541.0,322850.0
SMI006-K03-B02-M02,0,1,Pf3D7_08_v3,412981.0,486709.0,73728.0
SMI006-K03-B02-M02,0,1,Pf3D7_08_v3,509018.0,781506.0,272488.0
SMI006-K03-B02-M02,0,1,Pf3D7_08_v3,1113495.0,1325187.0,211692.0
SMI006-K03-B02-M02,0,1,Pf3D7_09_v3,318911.0,707784.0,388873.0
SMI006-K03-B02-M02,0,1,Pf3D7_09_v3,850137.0,1054710.0,204573.0
SMI006-K03-B02-M02,0,1,Pf3D7_09_v3,1415251.0,1472334.0,57083.0
SMI006-K03-B02-M02,0,1,Pf3D7_10_v3,70764.0,1570149.0,1499385.0
SMI006-K03-B02-M02,0,1,Pf3D7_11_v3,110641.0,1114208.0,1003567.0
SMI006-K03-B02-M02,0,1,Pf3D7_12_v3,892971.0,2155095.0,1262124.0
SMI006-K03-B02-M02,0,1,Pf3D7_13_v3,77901.0,894657.0,816756.0
SMI006-K03-B02-M02,0,1,Pf3D7_13_v3,1155025.0,2788579.0,1633554.0
SMI006-K03-B02-M02,0,1,Pf3D7_14_v3,35796.0,3255607.0,3219811.0
SMI007-K03-B02-M01,0,1,Pf3D7_02_v3,166372.0,423007.0,256635.0
SMI007-K03-B02-M01,0,1,Pf3D7_02_v3,480927.0,666391.0,185464.0
SMI007-K03-B02-M01,0,1,Pf3D7_03_v3,83699.0,329898.0,246199.0
SMI007-K03-B02-M01,0,1,Pf3D7_03_v3,698752.0,955684.0,256932.0
SMI007-K03-B02-M01,0,1,Pf3D7_04_v3,856599.0,993767.0,137168.0
SMI007-K03-B02-M01,0,1,Pf3D7_04_v3,1100163.0,1143965.0,43802.0
SMI007-K03-B02-M01,0,1,Pf3D7_05_v3,39872.0,616768.0,576896.0
SMI007-K03-B02-M01,0,1,Pf3D7_05_v3,806914.0,1321074.0,514160.0
SMI007-K03-B02-M01,0,1,Pf3D7_06_v3,74373.0,312207.0,237834.0
SMI007-K03-B02-M01,0,1,Pf3D7_06_v3,408976.0,1050878.0,641902.0
SMI007-K03-B02-M01,0,1,Pf3D7_06_v3,1283913.0,1294070.0,10157.0
SMI007-K03-B02-M01,0,1,Pf3D7_07_v3,77194.0,132909.0,55715.0
SMI007-K03-B02-M01,0,1,Pf3D7_07_v3,204876.0,928587.0,723711.0
SMI007-K03-B02-M01,0,1,Pf3D7_07_v3,1129144.0,1293868.0,164724.0
SMI007-K03-B02-M01,0,1,Pf3D7_08_v3,486709.0,1064065.0,577356.0
SMI007-K03-B02-M01,0,1,Pf3D7_08_v3,1176413.0,1326111.0,149698.0
SMI007-K03-B02-M01,0,1,Pf3D7_09_v3,926696.0,1472334.0,545638.0
SMI007-K03-B02-M01,0,1,Pf3D7_10_v3,70764.0,87154.0,16390.0
SMI007-K03-B02-M01,0,1,Pf3D7_10_v3,548780.0,1326055.0,777275.0
SMI007-K03-B02-M01,0,1,Pf3D7_11_v3,110641.0,352474.0,241833.0
SMI007-K03-B02-M01,0,1,Pf3D7_12_v3,1903406.0,2155095.0,251689.0
SMI007-K03-B02-M01,0,1,Pf3D7_13_v3,77901.0,139545.0,61644.0
SMI007-K03-B02-M01,0,1,Pf3D7_14_v3,136989.0,407357.0,270368.0
SMI007-K03-B02-M01,0,1,Pf3D7_14_v3,1831972.0,1941958.0,109986.0
SMI008-K03-B02-M01,0,1,Pf3D7_01_v3,95518.0,349253.0,253735.0
SMI008-K03-B02-M01,0,1,Pf3D7_02_v3,320921.0,862030.0,541109.0
SMI008-K03-B02-M01,0,1,Pf3D7_03_v3,71040.0,83699.0,12659.0
SMI008-K03-B02-M01,0,1,Pf3D7_04_v3,140930.0,515611.0,374681.0
SMI008-K03-B02-M01,0,1,Pf3D7_04_v3,797301.0,888892.0,91591.0
SMI008-K03-B02-M01,0,1,Pf3D7_04_v3,1037822.0,1097123.0,59301.0
SMI008-K03-B02-M01,0,1,Pf3D7_05_v3,358424.0,480827.0,122403.0
SMI008-K03-B02-M01,0,1,Pf3D7_05_v3,806914.0,1321074.0,514160.0
SMI008-K03-B02-M01,0,1,Pf3D7_06_v3,74373.0,1294070.0,1219697.0
SMI008-K03-B02-M01,0,1,Pf3D7_07_v3,77194.0,204876.0,127682.0
SMI008-K03-B02-M01,0,1,Pf3D7_07_v3,419310.0,465019.0,45709.0
SMI008-K03-B02-M01,0,1,Pf3D7_08_v3,152948.0,418499.0,265551.0
SMI008-K03-B02-M01,0,1,Pf3D7_08_v3,812667.0,1364499.0,551832.0
SMI008-K03-B02-M01,0,1,Pf3D7_09_v3,82153.0,164244.0,82091.0
SMI008-K03-B02-M01,0,1,Pf3D7_11_v3,1114208.0,1293971.0,179763.0
SMI008-K03-B02-M01,0,1,Pf3D7_12_v3,1015328.0,2155095.0,1139767.0
SMI008-K03-B02-M01,0,1,Pf3D7_13_v3,77901.0,181969.0,104068.0
SMI008-K03-B02-M01,0,1,Pf3D7_13_v3,374835.0,1155025.0,780190.0
SMI008-K03-B02-M01,0,1,Pf3D7_14_v3,303046.0,1226565.0,923519.0
SMI008-K03-B02-M01,0,1,Pf3D7_14_v3,1405370.0,2861136.0,1455766.0
SMI008-K03-B02-M01,0,1,Pf3D7_14_v3,2873645.0,3255607.0,381962.0
SMI009-K03-B01-M02,0,1,Pf3D7_01_v3,95518.0,567657.0,472139.0
SMI009-K03-B01-M02,0,1,Pf3D7_02_v3,109248.0,549049.0,439801.0
SMI009-K03-B01-M02,0,1,Pf3D7_03_v3,564471.0,919244.0,354773.0
SMI009-K03-B01-M02,0,1,Pf3D7_04_v3,142583.0,236244.0,93661.0
SMI009-K03-B01-M02,0,1,Pf3D7_04_v3,515611.0,673790.0,158179.0
SMI009-K03-B01-M02,0,1,Pf3D7_04_v3,683888.0,911002.0,227114.0
SMI009-K03-B01-M02,0,1,Pf3D7_04_v3,1005358.0,1143965.0,138607.0
SMI009-K03-B01-M02,0,1,Pf3D7_05_v3,39872.0,131223.0,91351.0
SMI009-K03-B01-M02,0,1,Pf3D7_05_v3,224735.0,286660.0,61925.0
SMI009-K03-B01-M02,0,1,Pf3D7_05_v3,673393.0,806914.0,133521.0
SMI009-K03-B01-M02,0,1,Pf3D7_05_v3,1007374.0,1321074.0,313700.0
SMI009-K03-B01-M02,0,1,Pf3D7_06_v3,74373.0,113332.0,38959.0
SMI009-K03-B01-M02,0,1,Pf3D7_06_v3,122873.0,407995.0,285122.0
SMI009-K03-B01-M02,0,1,Pf3D7_06_v3,685943.0,1294070.0,608127.0
SMI009-K03-B01-M02,0,1,Pf3D7_07_v3,77194.0,204876.0,127682.0
SMI009-K03-B01-M02,0,1,Pf3D7_07_v3,415775.0,449571.0,33796.0
SMI009-K03-B01-M02,0,1,Pf3D7_07_v3,484975.0,492639.0,7664.0
SMI009-K03-B01-M02,0,1,Pf3D7_07_v3,633046.0,1380526.0,747480.0
SMI009-K03-B01-M02,0,1,Pf3D7_08_v3,75691.0,1364499.0,1288808.0
SMI009-K03-B01-M02,0,1,Pf3D7_09_v3,82153.0,1472334.0,1390181.0
SMI009-K03-B01-M02,0,1,Pf3D7_10_v3,70764.0,487745.0,416981.0
SMI009-K03-B01-M02,0,1,Pf3D7_10_v3,964859.0,1570149.0,605290.0
SMI009-K03-B01-M02,0,1,Pf3D7_11_v3,110641.0,410739.0,300098.0
SMI009-K03-B01-M02,0,1,Pf3D7_11_v3,769741.0,1489549.0,719808.0
SMI009-K03-B01-M02,0,1,Pf3D7_11_v3,1557734.0,1874301.0,316567.0
SMI009-K03-B01-M02,0,1,Pf3D7_11_v3,1935051.0,2003008.0,67957.0
SMI009-K03-B01-M02,0,1,Pf3D7_12_v3,61435.0,913124.0,851689.0
SMI009-K03-B01-M02,0,1,Pf3D7_12_v3,1015328.0,2155095.0,1139767.0
SMI009-K03-B01-M02,0,1,Pf3D7_13_v3,77901.0,1155025.0,1077124.0
SMI009-K03-B01-M02,0,1,Pf3D7_13_v3,1966826.0,2734059.0,767233.0
SMI009-K03-B01-M02,0,1,Pf3D7_14_v3,883173.0,919121.0,35948.0
SMI009-K03-B01-M02,0,1,Pf3D7_14_v3,1226565.0,1316662.0,90097.0
SMI009-K03-B01-M02,0,1,Pf3D7_14_v3,1362567.0,1554318.0,191751.0
SMI009-K03-B01-M02,0,1,Pf3D7_14_v3,1671537.0,1854245.0,182708.0
SMI009-K03-B01-M02,0,1,Pf3D7_14_v3,2261274.0,3255607.0,994333.0
SMI009-K03-B01-M02,0,2,Pf3D7_01_v3,95518.0,562166.0,466648.0
SMI009-K03-B01-M02,0,2,Pf3D7_02_v3,549049.0,862030.0,312981.0
SMI009-K03-B01-M02,0,2,Pf3D7_03_v3,71040.0,83699.0,12659.0
SMI009-K03-B01-M02,0,2,Pf3D7_03_v3,919244.0,1002946.0,83702.0
SMI009-K03-B01-M02,0,2,Pf3D7_04_v3,91817.0,673790.0,581973.0
SMI009-K03-B01-M02,0,2,Pf3D7_04_v3,911002.0,1143965.0,232963.0
SMI009-K03-B01-M02,0,2,Pf3D7_05_v3,39872.0,224735.0,184863.0
SMI009-K03-B01-M02,0,2,Pf3D7_05_v3,286660.0,673393.0,386733.0
SMI009-K03-B01-M02,0,2,Pf3D7_05_v3,1007374.0,1321074.0,313700.0
SMI009-K03-B01-M02,0,2,Pf3D7_06_v3,74373.0,122873.0,48500.0
SMI009-K03-B01-M02,0,2,Pf3D7_06_v3,145475.0,1294070.0,1148595.0
SMI009-K03-B01-M02,0,2,Pf3D7_07_v3,77194.0,204876.0,127682.0
SMI009-K03-B01-M02,0,2,Pf3D7_07_v3,306313.0,415775.0,109462.0
SMI009-K03-B01-M02,0,2,Pf3D7_07_v3,449571.0,484975.0,35404.0
SMI009-K03-B01-M02,0,2,Pf3D7_07_v3,633046.0,1380526.0,747480.0
SMI009-K03-B01-M02,0,2,Pf3D7_08_v3,75691.0,414502.0,338811.0
SMI009-K03-B01-M02,0,2,Pf3D7_08_v3,486709.0,706619.0,219910.0
SMI009-K03-B01-M02,0,2,Pf3D7_08_v3,1316145.0,1364499.0,48354.0
SMI009-K03-B01-M02,0,2,Pf3D7_09_v3,82153.0,164244.0,82091.0
SMI009-K03-B01-M02,0,2,Pf3D7_10_v3,217543.0,1326428.0,1108885.0
SMI009-K03-B01-M02,0,2,Pf3D7_10_v3,1414316.0,1499415.0,85099.0
SMI009-K03-B01-M02,0,2,Pf3D7_11_v3,409617.0,410739.0,1122.0
SMI009-K03-B01-M02,0,2,Pf3D7_11_v3,769741.0,1114208.0,344467.0
SMI009-K03-B01-M02,0,2,Pf3D7_11_v3,1375988.0,1489549.0,113561.0
SMI009-K03-B01-M02,0,2,Pf3D7_11_v3,1489693.0,2003008.0,513315.0
SMI009-K03-B01-M02,0,2,Pf3D7_12_v3,61435.0,1015328.0,953893.0
SMI009-K03-B01-M02,0,2,Pf3D7_12_v3,1932165.0,2155095.0,222930.0
SMI009-K03-B01-M02,0,2,Pf3D7_13_v3,77901.0,102928.0,25027.0
SMI009-K03-B01-M02,0,2,Pf3D7_13_v3,878895.0,894657.0,15762.0
SMI009-K03-B01-M02,0,2,Pf3D7_13_v3,1155025.0,1966826.0,811801.0
SMI009-K03-B01-M02,0,2,Pf3D7_13_v3,1986165.0,2788579.0,802414.0
SMI009-K03-B01-M02,0,2,Pf3D7_14_v3,35796.0,1226565.0,1190769.0
SMI009-K03-B01-M02,0,2,Pf3D7_14_v3,1316662.0,2261274.0,944612.0
SMI009-K03-B01-M02,0,2,Pf3D7_14_v3,2674607.0,3255607.0,581000.0
SMI009-K03-B01-M02,1,2,Pf3D7_01_v3,95518.0,562166.0,466648.0
SMI009-K03-B01-M02,1,2,Pf3D7_03_v3,83699.0,564471.0,480772.0
SMI009-K03-B01-M02,1,2,Pf3D7_04_v3,142583.0,236244.0,93661.0
SMI009-K03-B01-M02,1,2,Pf3D7_04_v3,515611.0,683888.0,168277.0
SMI009-K03-B01-M02,1,2,Pf3D7_04_v3,1005358.0,1143965.0,138607.0
SMI009-K03-B01-M02,1,2,Pf3D7_05_v3,39872.0,131223.0,91351.0
SMI009-K03-B01-M02,1,2,Pf3D7_05_v3,806914.0,1321074.0,514160.0
SMI009-K03-B01-M02,1,2,Pf3D7_06_v3,74373.0,113332.0,38959.0
SMI009-K03-B01-M02,1,2,Pf3D7_06_v3,145475.0,407995.0,262520.0
SMI009-K03-B01-M02,1,2,Pf3D7_06_v3,685943.0,1294070.0,608127.0
SMI009-K03-B01-M02,1,2,Pf3D7_07_v3,77194.0,306313.0,229119.0
SMI009-K03-B01-M02,1,2,Pf3D7_07_v3,492639.0,1380526.0,887887.0
SMI009-K03-B01-M02,1,2,Pf3D7_08_v3,75691.0,414502.0,338811.0
SMI009-K03-B01-M02,1,2,Pf3D7_08_v3,486709.0,706619.0,219910.0
SMI009-K03-B01-M02,1,2,Pf3D7_08_v3,1316145.0,1364499.0,48354.0
SMI009-K03-B01-M02,1,2,Pf3D7_09_v3,82153.0,164244.0,82091.0
SMI009-K03-B01-M02,1,2,Pf3D7_10_v3,217543.0,487745.0,270202.0
SMI009-K03-B01-M02,1,2,Pf3D7_10_v3,964859.0,1326428.0,361569.0
SMI009-K03-B01-M02,1,2,Pf3D7_10_v3,1414316.0,1499415.0,85099.0
SMI009-K03-B01-M02,1,2,Pf3D7_11_v3,409617.0,1114208.0,704591.0
SMI009-K03-B01-M02,1,2,Pf3D7_11_v3,1375988.0,1489693.0,113705.0
SMI009-K03-B01-M02,1,2,Pf3D7_11_v3,1557734.0,1874301.0,316567.0
SMI009-K03-B01-M02,1,2,Pf3D7_11_v3,1935051.0,2003008.0,67957.0
SMI009-K03-B01-M02,1,2,Pf3D7_12_v3,61435.0,913124.0,851689.0
SMI009-K03-B01-M02,1,2,Pf3D7_12_v3,1932165.0,2155095.0,222930.0
SMI009-K03-B01-M02,1,2,Pf3D7_13_v3,77901.0,102928.0,25027.0
SMI009-K03-B01-M02,1,2,Pf3D7_13_v3,878895.0,894657.0,15762.0
SMI009-K03-B01-M02,1,2,Pf3D7_13_v3,1986165.0,2734059.0,747894.0
SMI009-K03-B01-M02,1,2,Pf3D7_14_v3,883173.0,919121.0,35948.0
SMI009-K03-B01-M02,1,2,Pf3D7_14_v3,1362567.0,1554318.0,191751.0
SMI009-K03-B01-M02,1,2,Pf3D7_14_v3,1671537.0,1854245.0,182708.0
SMI009-K03-B01-M02,1,2,Pf3D7_14_v3,2674607.0,3255607.0,581000.0
SMI000-K04-B02-M01,0,2,Pf3D7_01_v3,95518.0,567657.0,472139.0
SMI000-K04-B02-M01,0,2,Pf3D7_02_v3,109248.0,862030.0,752782.0
SMI000-K04-B02-M01,0,2,Pf3D7_03_v3,71040.0,1002946.0,931906.0
SMI000-K04-B02-M01,0,2,Pf3D7_04_v3,91817.0,1143965.0,1052148.0
SMI000-K04-B02-M01,0,2,Pf3D7_05_v3,39872.0,1321074.0,1281202.0
SMI000-K04-B02-M01,0,2,Pf3D7_06_v3,74373.0,1294070.0,1219697.0
SMI000-K04-B02-M01,0,2,Pf3D7_07_v3,77194.0,1380526.0,1303332.0
SMI000-K04-B02-M01,0,2,Pf3D7_08_v3,75691.0,1364499.0,1288808.0
SMI000-K04-B02-M01,0,2,Pf3D7_09_v3,82153.0,1472334.0,1390181.0
SMI000-K04-B02-M01,0,2,Pf3D7_10_v3,70764.0,1570149.0,1499385.0
SMI000-K04-B02-M01,0,2,Pf3D7_11_v3,110641.0,2003008.0,1892367.0
SMI000-K04-B02-M01,0,2,Pf3D7_12_v3,61435.0,2155095.0,2093660.0
SMI000-K04-B02-M01,0,2,Pf3D7_13_v3,77901.0,2788579.0,2710678.0
SMI000-K04-B02-M01,0,2,Pf3D7_14_v3,35796.0,3255607.0,3219811.0
SMI001-K04-B02-M01,0,1,Pf3D7_03_v3,285065.0,471494.0,186429.0
SMI001-K04-B02-M01,0,1,Pf3D7_05_v3,269459.0,1064678.0,795219.0
SMI001-K04-B02-M01,0,1,Pf3D7_05_v3,1216961.0,1321074.0,104113.0
SMI001-K04-B02-M01,0,1,Pf3D7_06_v3,74373.0,685943.0,611570.0
SMI001-K04-B02-M01,0,1,Pf3D7_07_v3,204876.0,629058.0,424182.0
SMI001-K04-B02-M01,0,1,Pf3D7_07_v3,736978.0,1380526.0,643548.0
SMI001-K04-B02-M01,0,1,Pf3D7_08_v3,75691.0,486709.0,411018.0
SMI001-K04-B02-M01,0,1,Pf3D7_10_v3,1014307.0,1570149.0,555842.0
SMI001-K04-B02-M01,0,1,Pf3D7_11_v3,110641.0,360271.0,249630.0
SMI001-K04-B02-M01,0,1,Pf3D7_13_v3,1155025.0,2788579.0,1633554.0
SMI001-K04-B02-M01,0,1,Pf3D7_14_v3,35796.0,910628.0,874832.0
SMI001-K04-B02-M01,0,1,Pf3D7_02_v3,109248.0,416191.0,306943.0
SMI001-K04-B02-M01,0,1,Pf3D7_02_v3,546511.0,862030.0,315519.0
SMI001-K04-B02-M01,0,1,Pf3D7_03_v3,71040.0,1002946.0,931906.0
SMI001-K04-B02-M01,0,1,Pf3D7_04_v3,91817.0,273086.0,181269.0
SMI001-K04-B02-M01,0,1,Pf3D7_04_v3,333699.0,856082.0,522383.0
SMI001-K04-B02-M01,0,1,Pf3D7_04_v3,901771.0,1143965.0,242194.0
SMI001-K04-B02-M01,0,1,Pf3D7_05_v3,39872.0,600413.0,560541.0
SMI001-K04-B02-M01,0,1,Pf3D7_05_v3,806914.0,945643.0,138729.0
SMI001-K04-B02-M01,0,1,Pf3D7_05_v3,1188335.0,1321074.0,132739.0
SMI001-K04-B02-M01,0,1,Pf3D7_06_v3,74373.0,159084.0,84711.0
SMI001-K04-B02-M01,0,1,Pf3D7_06_v3,315733.0,419369.0,103636.0
SMI001-K04-B02-M01,0,1,Pf3D7_06_v3,635841.0,1294070.0,658229.0
SMI001-K04-B02-M01,0,1,Pf3D7_07_v3,77194.0,102277.0,25083.0
SMI001-K04-B02-M01,0,1,Pf3D7_07_v3,476732.0,1380526.0,903794.0
SMI001-K04-B02-M01,0,1,Pf3D7_08_v3,75691.0,421777.0,346086.0
SMI001-K04-B02-M01,0,1,Pf3D7_08_v3,486709.0,486805.0,96.0
SMI001-K04-B02-M01,0,1,Pf3D7_08_v3,705417.0,895234.0,189817.0
SMI001-K04-B02-M01,0,1,Pf3D7_08_v3,1102513.0,1183852.0,81339.0
SMI001-K04-B02-M01,0,1,Pf3D7_08_v3,1290496.0,1364499.0,74003.0
SMI001-K04-B02-M01,0,1,Pf3D7_09_v3,82153.0,164244.0,82091.0
SMI001-K04-B02-M01,0,1,Pf3D7_10_v3,70764.0,218459.0,147695.0
SMI001-K04-B02-M01,0,1,Pf3D7_10_v3,519739.0,1195694.0,675955.0
SMI001-K04-B02-M01,0,1,Pf3D7_10_v3,1414537.0,1570149.0,155612.0
SMI001-K04-B02-M01,0,1,Pf3D7_11_v3,110641.0,389066.0,278425.0
SMI001-K04-B02-M01,0,1,Pf3D7_11_v3,1114208.0,1595699.0,481491.0
SMI001-K04-B02-M01,0,1,Pf3D7_11_v3,1935588.0,2003008.0,67420.0
SMI001-K04-B02-M01,0,1,Pf3D7_12_v3,61435.0,260351.0,198916.0
SMI001-K04-B02-M01,0,1,Pf3D7_12_v3,1015328.0,2006830.0,991502.0
SMI001-K04-B02-M01,0,1,Pf3D7_13_v3,146745.0,1155025.0,1008280.0
SMI001-K04-B02-M01,0,1,Pf3D7_13_v3,1880114.0,2788579.0,908465.0
SMI001-K04-B02-M01,0,1,Pf3D7_14_v3,35796.0,1226565.0,1190769.0
SMI001-K04-B02-M01,0,1,Pf3D7_14_v3,3175939.0,3255607.0,79668.0
SMI003-K04-B01-M02,0,1,Pf3D7_01_v3,95518.0,567657.0,472139.0
SMI003-K04-B01-M02,0,1,Pf3D7_02_v3,109248.0,320921.0,211673.0
SMI003-K04-B01-M02,0,1,Pf3D7_02_v3,800695.0,856718.0,56023.0
SMI003-K04-B01-M02,0,1,Pf3D7_03_v3,83699.0,493631.0,409932.0
SMI003-K04-B01-M02,0,1,Pf3D7_04_v3,140930.0,488769.0,347839.0
SMI003-K04-B01-M02,0,1,Pf3D7_04_v3,515611.0,777043.0,261432.0
SMI003-K04-B01-M02,0,1,Pf3D7_04_v3,898976.0,993767.0,94791.0
SMI003-K04-B01-M02,0,1,Pf3D7_04_v3,1099886.0,1143965.0,44079.0
SMI003-K04-B01-M02,0,1,Pf3D7_05_v3,39872.0,806914.0,767042.0
SMI003-K04-B01-M02,0,1,Pf3D7_05_v3,1007374.0,1308990.0,301616.0
SMI003-K04-B01-M02,0,1,Pf3D7_06_v3,685943.0,1283913.0,597970.0
SMI003-K04-B01-M02,0,1,Pf3D7_07_v3,81203.0,450424.0,369221.0
SMI003-K04-B01-M02,0,1,Pf3D7_07_v3,614645.0,635759.0,21114.0
SMI003-K04-B01-M02,0,1,Pf3D7_08_v3,486709.0,1364499.0,877790.0
SMI003-K04-B01-M02,0,1,Pf3D7_09_v3,82153.0,164244.0,82091.0
SMI003-K04-B01-M02,0,1,Pf3D7_09_v3,455403.0,718934.0,263531.0
SMI003-K04-B01-M02,0,1,Pf3D7_09_v3,1447687.0,1472334.0,24647.0
SMI003-K04-B01-M02,0,1,Pf3D7_10_v3,70764.0,670188.0,599424.0
SMI003-K04-B01-M02,0,1,Pf3D7_10_v3,1499415.0,1570149.0,70734.0
SMI003-K04-B01-M02,0,1,Pf3D7_11_v3,110641.0,414778.0,304137.0
SMI003-K04-B01-M02,0,1,Pf3D7_11_v3,1114208.0,1997885.0,883677.0
SMI003-K04-B01-M02,0,1,Pf3D7_12_v3,256743.0,892971.0,636228.0
SMI003-K04-B01-M02,0,1,Pf3D7_12_v3,1116115.0,1166166.0,50051.0
SMI003-K04-B01-M02,0,1,Pf3D7_12_v3,1395317.0,2155095.0,759778.0
SMI003-K04-B01-M02,0,1,Pf3D7_13_v3,77901.0,285932.0,208031.0
SMI003-K04-B01-M02,0,1,Pf3D7_13_v3,1863633.0,2063107.0,199474.0
SMI003-K04-B01-M02,0,1,Pf3D7_13_v3,2197576.0,2788579.0,591003.0
SMI003-K04-B01-M02,0,1,Pf3D7_14_v3,35796.0,1267875.0,1232079.0
SMI003-K04-B01-M02,0,1,Pf3D7_14_v3,1467935.0,1886228.0,418293.0
SMI003-K04-B01-M02,0,1,Pf3D7_14_v3,2727779.0,3255607.0,527828.0
SMI003-K04-B01-M02,0,2,Pf3D7_01_v3,162981.0,529875.0,366894.0
SMI003-K04-B01-M02,0,2,Pf3D7_02_v3,320921.0,800695.0,479774.0
SMI003-K04-B01-M02,0,2,Pf3D7_03_v3,493631.0,1002946.0,509315.0
SMI003-K04-B01-M02,0,2,Pf3D7_04_v3,91817.0,131884.0,40067.0
SMI003-K04-B01-M02,0,2,Pf3D7_04_v3,133039.0,140930.0,7891.0
SMI003-K04-B01-M02,0,2,Pf3D7_04_v3,488769.0,520106.0,31337.0
SMI003-K04-B01-M02,0,2,Pf3D7_04_v3,777043.0,898976.0,121933.0
SMI003-K04-B01-M02,0,2,Pf3D7_04_v3,1099886.0,1143965.0,44079.0
SMI003-K04-B01-M02,0,2,Pf3D7_05_v3,39872.0,131223.0,91351.0
SMI003-K04-B01-M02,0,2,Pf3D7_05_v3,138524.0,806914.0,668390.0
SMI003-K04-B01-M02,0,2,Pf3D7_05_v3,1007374.0,1308990.0,301616.0
SMI003-K04-B01-M02,0,2,Pf3D7_06_v3,1283913.0,1294070.0,10157.0
SMI003-K04-B01-M02,0,2,Pf3D7_07_v3,77194.0,204876.0,127682.0
SMI003-K04-B01-M02,0,2,Pf3D7_07_v3,635759.0,635971.0,212.0
SMI003-K04-B01-M02,0,2,Pf3D7_07_v3,1345508.0,1380526.0,35018.0
SMI003-K04-B01-M02,0,2,Pf3D7_08_v3,75691.0,486709.0,411018.0
SMI003-K04-B01-M02,0,2,Pf3D7_08_v3,1311964.0,1364499.0,52535.0
SMI003-K04-B01-M02,0,2,Pf3D7_09_v3,82153.0,1472334.0,1390181.0
SMI003-K04-B01-M02,0,2,Pf3D7_10_v3,70764.0,670188.0,599424.0
SMI003-K04-B01-M02,0,2,Pf3D7_10_v3,1126676.0,1434268.0,307592.0
SMI003-K04-B01-M02,0,2,Pf3D7_11_v3,414778.0,435509.0,20731.0
SMI003-K04-B01-M02,0,2,Pf3D7_11_v3,1114208.0,1563321.0,449113.0
SMI003-K04-B01-M02,0,2,Pf3D7_12_v3,1015328.0,1166166.0,150838.0
SMI003-K04-B01-M02,0,2,Pf3D7_12_v3,1395317.0,2068708.0,673391.0
SMI003-K04-B01-M02,0,2,Pf3D7_13_v3,285932.0,2788579.0,2502647.0
SMI003-K04-B01-M02,0,2,Pf3D7_14_v3,35796.0,1467935.0,1432139.0
SMI003-K04-B01-M02,0,2,Pf3D7_14_v3,1886228.0,1990395.0,104167.0
SMI003-K04-B01-M02,0,2,Pf3D7_14_v3,2603362.0,2695875.0,92513.0
SMI003-K04-B01-M02,0,2,Pf3D7_14_v3,2727779.0,3255607.0,527828.0
SMI003-K04-B01-M02,0,3,Pf3D7_02_v3,320921.0,862030.0,541109.0
SMI003-K04-B01-M02,0,3,Pf3D7_03_v3,71040.0,136827.0,65787.0
SMI003-K04-B01-M02,0,3,Pf3D7_03_v3,268459.0,360412.0,91953.0
SMI003-K04-B01-M02,0,3,Pf3D7_03_v3,493631.0,1002946.0,509315.0
SMI003-K04-B01-M02,0,3,Pf3D7_04_v3,91817.0,131884.0,40067.0
SMI003-K04-B01-M02,0,3,Pf3D7_04_v3,133039.0,140930.0,7891.0
SMI003-K04-B01-M02,0,3,Pf3D7_04_v3,488769.0,520106.0,31337.0
SMI003-K04-B01-M02,0,3,Pf3D7_04_v3,777043.0,898815.0,121772.0
SMI003-K04-B01-M02,0,3,Pf3D7_04_v3,898976.0,993767.0,94791.0
SMI003-K04-B01-M02,0,3,Pf3D7_04_v3,1099886.0,1143965.0,44079.0
SMI003-K04-B01-M02,0,3,Pf3D7_05_v3,39872.0,288857.0,248985.0
SMI003-K04-B01-M02,0,3,Pf3D7_05_v3,806914.0,1007374.0,200460.0
SMI003-K04-B01-M02,0,3,Pf3D7_05_v3,1308990.0,1321074.0,12084.0
SMI003-K04-B01-M02,0,3,Pf3D7_06_v3,74373.0,685943.0,611570.0
SMI003-K04-B01-M02,0,3,Pf3D7_06_v3,1055358.0,1283913.0,228555.0
SMI003-K04-B01-M02,0,3,Pf3D7_07_v3,204876.0,635759.0,430883.0
SMI003-K04-B01-M02,0,3,Pf3D7_07_v3,635971.0,1380526.0,744555.0
SMI003-K04-B01-M02,0,3,Pf3D7_08_v3,75691.0,1168116.0,1092425.0
SMI003-K04-B01-M02,0,3,Pf3D7_09_v3,164244.0,1472334.0,1308090.0
SMI003-K04-B01-M02,0,3,Pf3D7_10_v3,70764.0,92671.0,21907.0
SMI003-K04-B01-M02,0,3,Pf3D7_10_v3,670188.0,1319002.0,648814.0
SMI003-K04-B01-M02,0,3,Pf3D7_10_v3,1434268.0,1499415.0,65147.0
SMI003-K04-B01-M02,0,3,Pf3D7_11_v3,414778.0,1114208.0,699430.0
SMI003-K04-B01-M02,0,3,Pf3D7_11_v3,1270127.0,1563321.0,293194.0
SMI003-K04-B01-M02,0,3,Pf3D7_12_v3,289012.0,1015328.0,726316.0
SMI003-K04-B01-M02,0,3,Pf3D7_12_v3,1166166.0,1395317.0,229151.0
SMI003-K04-B01-M02,0,3,Pf3D7_12_v3,1652943.0,1681840.0,28897.0
SMI003-K04-B01-M02,0,3,Pf3D7_12_v3,2068708.0,2155095.0,86387.0
SMI003-K04-B01-M02,0,3,Pf3D7_13_v3,77901.0,285932.0,208031.0
SMI003-K04-B01-M02,0,3,Pf3D7_13_v3,1155025.0,2250736.0,1095711.0
SMI003-K04-B01-M02,0,3,Pf3D7_14_v3,136989.0,138977.0,1988.0
SMI003-K04-B01-M02,0,3,Pf3D7_14_v3,1226565.0,1467935.0,241370.0
SMI003-K04-B01-M02,0,3,Pf3D7_14_v3,1886228.0,1990395.0,104167.0
SMI003-K04-B01-M02,0,3,Pf3D7_14_v3,2603362.0,2611706.0,8344.0
SMI003-K04-B01-M02,0,3,Pf3D7_14_v3,2727779.0,3255607.0,527828.0
SMI003-K04-B01-M02,1,2,Pf3D7_01_v3,162981.0,529875.0,366894.0
SMI003-K04-B01-M02,1,2,Pf3D7_02_v3,856718.0,862030.0,5312.0
SMI003-K04-B01-M02,1,2,Pf3D7_03_v3,71040.0,83699.0,12659.0
SMI003-K04-B01-M02,1,2,Pf3D7_04_v3,131884.0,133039.0,1155.0
SMI003-K04-B01-M02,1,2,Pf3D7_04_v3,515611.0,520106.0,4495.0
SMI003-K04-B01-M02,1,2,Pf3D7_04_v3,993767.0,1143965.0,150198.0
SMI003-K04-B01-M02,1,2,Pf3D7_05_v3,39872.0,131223.0,91351.0
SMI003-K04-B01-M02,1,2,Pf3D7_05_v3,138524.0,1321074.0,1182550.0
SMI003-K04-B01-M02,1,2,Pf3D7_06_v3,74373.0,685943.0,611570.0
SMI003-K04-B01-M02,1,2,Pf3D7_07_v3,81203.0,204876.0,123673.0
SMI003-K04-B01-M02,1,2,Pf3D7_07_v3,450424.0,614645.0,164221.0
SMI003-K04-B01-M02,1,2,Pf3D7_07_v3,635971.0,1345508.0,709537.0
SMI003-K04-B01-M02,1,2,Pf3D7_08_v3,1311964.0,1364499.0,52535.0
SMI003-K04-B01-M02,1,2,Pf3D7_09_v3,82153.0,164244.0,82091.0
SMI003-K04-B01-M02,1,2,Pf3D7_09_v3,455403.0,718934.0,263531.0
SMI003-K04-B01-M02,1,2,Pf3D7_09_v3,1447687.0,1472334.0,24647.0
SMI003-K04-B01-M02,1,2,Pf3D7_10_v3,70764.0,1126676.0,1055912.0
SMI003-K04-B01-M02,1,2,Pf3D7_10_v3,1434268.0,1499415.0,65147.0
SMI003-K04-B01-M02,1,2,Pf3D7_11_v3,435509.0,1563321.0,1127812.0
SMI003-K04-B01-M02,1,2,Pf3D7_11_v3,1997885.0,2003008.0,5123.0
SMI003-K04-B01-M02,1,2,Pf3D7_12_v3,61435.0,256743.0,195308.0
SMI003-K04-B01-M02,1,2,Pf3D7_12_v3,892971.0,1015328.0,122357.0
SMI003-K04-B01-M02,1,2,Pf3D7_12_v3,1116115.0,2068708.0,952593.0
SMI003-K04-B01-M02,1,2,Pf3D7_13_v3,1863633.0,2063107.0,199474.0
SMI003-K04-B01-M02,1,2,Pf3D7_13_v3,2197576.0,2788579.0,591003.0
SMI003-K04-B01-M02,1,2,Pf3D7_14_v3,35796.0,1267875.0,1232079.0
SMI003-K04-B01-M02,1,2,Pf3D7_14_v3,1990395.0,2603362.0,612967.0
SMI003-K04-B01-M02,1,2,Pf3D7_14_v3,2695875.0,3255607.0,559732.0
SMI003-K04-B01-M02,1,3,Pf3D7_02_v3,800695.0,856718.0,56023.0
SMI003-K04-B01-M02,1,3,Pf3D7_03_v3,83699.0,136827.0,53128.0
SMI003-K04-B01-M02,1,3,Pf3D7_03_v3,268459.0,360412.0,91953.0
SMI003-K04-B01-M02,1,3,Pf3D7_04_v3,131884.0,133039.0,1155.0
SMI003-K04-B01-M02,1,3,Pf3D7_04_v3,515611.0,520106.0,4495.0
SMI003-K04-B01-M02,1,3,Pf3D7_04_v3,898815.0,1143965.0,245150.0
SMI003-K04-B01-M02,1,3,Pf3D7_05_v3,39872.0,288857.0,248985.0
SMI003-K04-B01-M02,1,3,Pf3D7_06_v3,1055358.0,1294070.0,238712.0
SMI003-K04-B01-M02,1,3,Pf3D7_07_v3,77194.0,81203.0,4009.0
SMI003-K04-B01-M02,1,3,Pf3D7_07_v3,204876.0,450424.0,245548.0
SMI003-K04-B01-M02,1,3,Pf3D7_07_v3,614645.0,635971.0,21326.0
SMI003-K04-B01-M02,1,3,Pf3D7_08_v3,486709.0,1168116.0,681407.0
SMI003-K04-B01-M02,1,3,Pf3D7_09_v3,455403.0,718934.0,263531.0
SMI003-K04-B01-M02,1,3,Pf3D7_09_v3,1447687.0,1472334.0,24647.0
SMI003-K04-B01-M02,1,3,Pf3D7_10_v3,70764.0,92671.0,21907.0
SMI003-K04-B01-M02,1,3,Pf3D7_10_v3,1319002.0,1434268.0,115266.0
SMI003-K04-B01-M02,1,3,Pf3D7_11_v3,1270127.0,1563321.0,293194.0
SMI003-K04-B01-M02,1,3,Pf3D7_11_v3,1997885.0,2003008.0,5123.0
SMI003-K04-B01-M02,1,3,Pf3D7_12_v3,61435.0,256743.0,195308.0
SMI003-K04-B01-M02,1,3,Pf3D7_12_v3,289012.0,892971.0,603959.0
SMI003-K04-B01-M02,1,3,Pf3D7_12_v3,1015328.0,1116115.0,100787.0
SMI003-K04-B01-M02,1,3,Pf3D7_12_v3,1652943.0,1681840.0,28897.0
SMI003-K04-B01-M02,1,3,Pf3D7_12_v3,2068708.0,2155095.0,86387.0
SMI003-K04-B01-M02,1,3,Pf3D7_13_v3,77901.0,1155025.0,1077124.0
SMI003-K04-B01-M02,1,3,Pf3D7_13_v3,1863633.0,2063107.0,199474.0
SMI003-K04-B01-M02,1,3,Pf3D7_13_v3,2197576.0,2250736.0,53160.0
SMI003-K04-B01-M02,1,3,Pf3D7_14_v3,136989.0,138977.0,1988.0
SMI003-K04-B01-M02,1,3,Pf3D7_14_v3,1226565.0,1267875.0,41310.0
SMI003-K04-B01-M02,1,3,Pf3D7_14_v3,1990395.0,2603362.0,612967.0
SMI003-K04-B01-M02,1,3,Pf3D7_14_v3,2611706.0,3255607.0,643901.0
SMI003-K04-B01-M02,2,3,Pf3D7_01_v3,95518.0,162981.0,67463.0
SMI003-K04-B01-M02,2,3,Pf3D7_01_v3,529875.0,567657.0,37782.0
SMI003-K04-B01-M02,2,3,Pf3D7_02_v3,109248.0,800695.0,691447.0
SMI003-K04-B01-M02,2,3,Pf3D7_03_v3,136827.0,268459.0,131632.0
SMI003-K04-B01-M02,2,3,Pf3D7_03_v3,360412.0,1002946.0,642534.0
SMI003-K04-B01-M02,2,3,Pf3D7_04_v3,91817.0,898815.0,806998.0
SMI003-K04-B01-M02,2,3,Pf3D7_04_v3,993767.0,1143965.0,150198.0
SMI003-K04-B01-M02,2,3,Pf3D7_05_v3,39872.0,131223.0,91351.0
SMI003-K04-B01-M02,2,3,Pf3D7_05_v3,138524.0,288857.0,150333.0
SMI003-K04-B01-M02,2,3,Pf3D7_06_v3,685943.0,1055358.0,369415.0
SMI003-K04-B01-M02,2,3,Pf3D7_07_v3,1345508.0,1380526.0,35018.0
SMI003-K04-B01-M02,2,3,Pf3D7_08_v3,75691.0,486709.0,411018.0
SMI003-K04-B01-M02,2,3,Pf3D7_08_v3,1168116.0,1311964.0,143848.0
SMI003-K04-B01-M02,2,3,Pf3D7_09_v3,164244.0,1472334.0,1308090.0
SMI003-K04-B01-M02,2,3,Pf3D7_10_v3,70764.0,92671.0,21907.0
SMI003-K04-B01-M02,2,3,Pf3D7_10_v3,1126676.0,1319002.0,192326.0
SMI003-K04-B01-M02,2,3,Pf3D7_10_v3,1499415.0,1570149.0,70734.0
SMI003-K04-B01-M02,2,3,Pf3D7_11_v3,110641.0,435509.0,324868.0
SMI003-K04-B01-M02,2,3,Pf3D7_11_v3,1270127.0,2003008.0,732881.0
SMI003-K04-B01-M02,2,3,Pf3D7_12_v3,61435.0,289012.0,227577.0
SMI003-K04-B01-M02,2,3,Pf3D7_12_v3,1652943.0,1681840.0,28897.0
SMI003-K04-B01-M02,2,3,Pf3D7_13_v3,1155025.0,2250736.0,1095711.0
SMI003-K04-B01-M02,2,3,Pf3D7_14_v3,136989.0,138977.0,1988.0
SMI003-K04-B01-M02,2,3,Pf3D7_14_v3,1226565.0,2611706.0,1385141.0
SMI003-K04-B01-M02,2,3,Pf3D7_14_v3,2695875.0,3255607.0,559732.0
SMI004-K04-B02-M01,0,1,Pf3D7_02_v3,290673.0,346718.0,56045.0
SMI004-K04-B02-M01,0,1,Pf3D7_04_v3,515611.0,993767.0,478156.0
SMI004-K04-B02-M01,0,1,Pf3D7_04_v3,1041664.0,1134718.0,93054.0
SMI004-K04-B02-M01,0,1,Pf3D7_06_v3,718943.0,1294070.0,575127.0
SMI004-K04-B02-M01,0,1,Pf3D7_07_v3,77194.0,613581.0,536387.0
SMI004-K04-B02-M01,0,1,Pf3D7_07_v3,620660.0,635759.0,15099.0
SMI004-K04-B02-M01,0,1,Pf3D7_11_v3,1640343.0,1882802.0,242459.0
SMI004-K04-B02-M01,0,1,Pf3D7_11_v3,1890821.0,2003008.0,112187.0
SMI004-K04-B02-M01,0,1,Pf3D7_12_v3,61435.0,297043.0,235608.0
SMI004-K04-B02-M01,0,1,Pf3D7_13_v3,1155025.0,1669584.0,514559.0
SMI004-K04-B02-M01,0,1,Pf3D7_13_v3,2602599.0,2788579.0,185980.0
SMI004-K04-B02-M01,0,1,Pf3D7_14_v3,35796.0,1103652.0,1067856.0
SMI004-K04-B02-M01,0,1,Pf3D7_14_v3,3009347.0,3255607.0,246260.0
SMI004-K04-B02-M01,0,2,Pf3D7_01_v3,137258.0,495994.0,358736.0
SMI004-K04-B02-M01,0,2,Pf3D7_02_v3,346718.0,862030.0,515312.0
SMI004-K04-B02-M01,0,2,Pf3D7_03_v3,71040.0,83699.0,12659.0
SMI004-K04-B02-M01,0,2,Pf3D7_03_v3,273124.0,1002946.0,729822.0
SMI004-K04-B02-M01,0,2,Pf3D7_04_v3,91817.0,515611.0,423794.0
SMI004-K04-B02-M01,0,2,Pf3D7_05_v3,565717.0,1172818.0,607101.0
SMI004-K04-B02-M01,0,2,Pf3D7_07_v3,1158209.0,1202553.0,44344.0
SMI004-K04-B02-M01,0,2,Pf3D7_08_v3,333903.0,1187420.0,853517.0
SMI004-K04-B02-M01,0,2,Pf3D7_09_v3,512326.0,888810.0,376484.0
SMI004-K04-B02-M01,0,2,Pf3D7_11_v3,409617.0,1114208.0,704591.0
SMI004-K04-B02-M01,0,2,Pf3D7_11_v3,1882802.0,1890821.0,8019.0
SMI004-K04-B02-M01,0,2,Pf3D7_12_v3,1015328.0,1116767.0,101439.0
SMI004-K04-B02-M01,0,2,Pf3D7_12_v3,1200907.0,1989820.0,788913.0
SMI004-K04-B02-M01,0,2,Pf3D7_13_v3,1669584.0,2602599.0,933015.0
SMI004-K04-B02-M01,0,2,Pf3D7_14_v3,1103652.0,1226565.0,122913.0
SMI004-K04-B02-M01,0,2,Pf3D7_14_v3,1965546.0,2596989.0,631443.0
SMI004-K04-B02-M01,0,2,Pf3D7_14_v3,2672397.0,3009347.0,336950.0
SMI004-K04-B02-M01,1,2,Pf3D7_01_v3,95518.0,137258.0,41740.0
SMI004-K04-B02-M01,1,2,Pf3D7_03_v3,83699.0,273124.0,189425.0
SMI004-K04-B02-M01,1,2,Pf3D7_04_v3,993767.0,1041664.0,47897.0
SMI004-K04-B02-M01,1,2,Pf3D7_06_v3,111211.0,574938.0,463727.0
SMI004-K04-B02-M01,1,2,Pf3D7_07_v3,613581.0,620279.0,6698.0
SMI004-K04-B02-M01,1,2,Pf3D7_07_v3,635971.0,1148859.0,512888.0
SMI004-K04-B02-M01,1,2,Pf3D7_09_v3,363301.0,512326.0,149025.0
SMI004-K04-B02-M01,1,2,Pf3D7_09_v3,888810.0,1472334.0,583524.0
SMI004-K04-B02-M01,1,2,Pf3D7_10_v3,70764.0,1499415.0,1428651.0
SMI004-K04-B02-M01,1,2,Pf3D7_10_v3,1550250.0,1570149.0,19899.0
SMI004-K04-B02-M01,1,2,Pf3D7_11_v3,110641.0,409617.0,298976.0
SMI004-K04-B02-M01,1,2,Pf3D7_11_v3,1114208.0,1173924.0,59716.0
SMI004-K04-B02-M01,1,2,Pf3D7_12_v3,1116767.0,1200907.0,84140.0
SMI004-K04-B02-M01,1,2,Pf3D7_12_v3,2006830.0,2155095.0,148265.0
SMI004-K04-B02-M01,1,2,Pf3D7_13_v3,77901.0,1155025.0,1077124.0
SMI005-K04-B02-M03,0,1,Pf3D7_01_v3,161865.0,567657.0,405792.0
SMI005-K04-B02-M03,0,1,Pf3D7_02_v3,109248.0,310824.0,201576.0
SMI005-K04-B02-M03,0,1,Pf3D7_02_v3,800695.0,862030.0,61335.0
SMI005-K04-B02-M03,0,1,Pf3D7_03_v3,71040.0,83699.0,12659.0
SMI005-K04-B02-M03,0,1,Pf3D7_03_v3,758506.0,1002946.0,244440.0
SMI005-K04-B02-M03,0,1,Pf3D7_04_v3,91817.0,132628.0,40811.0
SMI005-K04-B02-M03,0,1,Pf3D7_04_v3,444247.0,515611.0,71364.0
SMI005-K04-B02-M03,0,1,Pf3D7_04_v3,675843.0,1043010.0,367167.0
SMI005-K04-B02-M03,0,1,Pf3D7_05_v3,680745.0,806914.0,126169.0
SMI005-K04-B02-M03,0,1,Pf3D7_06_v3,624118.0,685943.0,61825.0
SMI005-K04-B02-M03,0,1,Pf3D7_07_v3,204876.0,1380526.0,1175650.0
SMI005-K04-B02-M03,0,1,Pf3D7_08_v3,75691.0,117802.0,42111.0
SMI005-K04-B02-M03,0,1,Pf3D7_08_v3,997117.0,1311964.0,314847.0
SMI005-K04-B02-M03,0,1,Pf3D7_08_v3,1316095.0,1364499.0,48404.0
SMI005-K04-B02-M03,0,1,Pf3D7_09_v3,82153.0,164244.0,82091.0
SMI005-K04-B02-M03,0,1,Pf3D7_10_v3,1499415.0,1570149.0,70734.0
SMI005-K04-B02-M03,0,1,Pf3D7_11_v3,110641.0,408566.0,297925.0
SMI005-K04-B02-M03,0,1,Pf3D7_11_v3,1114208.0,1295309.0,181101.0
SMI005-K04-B02-M03,0,1,Pf3D7_11_v3,1476547.0,2003008.0,526461.0
SMI005-K04-B02-M03,0,1,Pf3D7_12_v3,61435.0,83177.0,21742.0
SMI005-K04-B02-M03,0,1,Pf3D7_12_v3,1015328.0,1681840.0,666512.0
SMI005-K04-B02-M03,0,1,Pf3D7_12_v3,2136656.0,2155095.0,18439.0
SMI005-K04-B02-M03,0,1,Pf3D7_13_v3,77901.0,531261.0,453360.0
SMI005-K04-B02-M03,0,1,Pf3D7_13_v3,2380323.0,2788579.0,408256.0
SMI005-K04-B02-M03,0,1,Pf3D7_14_v3,35796.0,1397061.0,1361265.0
SMI005-K04-B02-M03,0,1,Pf3D7_14_v3,1562642.0,2296880.0,734238.0
SMI005-K04-B02-M03,0,1,Pf3D7_14_v3,2727779.0,3087492.0,359713.0
SMI005-K04-B02-M03,0,2,Pf3D7_01_v3,95518.0,283144.0,187626.0
SMI005-K04-B02-M03,0,2,Pf3D7_01_v3,515440.0,567657.0,52217.0
SMI005-K04-B02-M03,0,2,Pf3D7_02_v3,109248.0,310824.0,201576.0
SMI005-K04-B02-M03,0,2,Pf3D7_03_v3,213800.0,758506.0,544706.0
SMI005-K04-B02-M03,0,2,Pf3D7_04_v3,91817.0,110821.0,19004.0
SMI005-K04-B02-M03,0,2,Pf3D7_04_v3,520106.0,884927.0,364821.0
SMI005-K04-B02-M03,0,2,Pf3D7_04_v3,889316.0,993767.0,104451.0
SMI005-K04-B02-M03,0,2,Pf3D7_04_v3,1005595.0,1043010.0,37415.0
SMI005-K04-B02-M03,0,2,Pf3D7_05_v3,163004.0,404998.0,241994.0
SMI005-K04-B02-M03,0,2,Pf3D7_05_v3,1241437.0,1261809.0,20372.0
SMI005-K04-B02-M03,0,2,Pf3D7_07_v3,633046.0,1380526.0,747480.0
SMI005-K04-B02-M03,0,2,Pf3D7_08_v3,75691.0,97831.0,22140.0
SMI005-K04-B02-M03,0,2,Pf3D7_08_v3,117802.0,332201.0,214399.0
SMI005-K04-B02-M03,0,2,Pf3D7_08_v3,997117.0,1002018.0,4901.0
SMI005-K04-B02-M03,0,2,Pf3D7_09_v3,1464435.0,1472334.0,7899.0
SMI005-K04-B02-M03,0,2,Pf3D7_10_v3,70764.0,1499415.0,1428651.0
SMI005-K04-B02-M03,0,2,Pf3D7_11_v3,301858.0,334262.0,32404.0
SMI005-K04-B02-M03,0,2,Pf3D7_11_v3,454669.0,1114208.0,659539.0
SMI005-K04-B02-M03,0,2,Pf3D7_12_v3,1681840.0,2155095.0,473255.0
SMI005-K04-B02-M03,0,2,Pf3D7_13_v3,77901.0,379999.0,302098.0
SMI005-K04-B02-M03,0,2,Pf3D7_13_v3,876934.0,1007666.0,130732.0
SMI005-K04-B02-M03,0,2,Pf3D7_13_v3,1155025.0,2197576.0,1042551.0
SMI005-K04-B02-M03,0,2,Pf3D7_13_v3,2380323.0,2788579.0,408256.0
SMI005-K04-B02-M03,0,2,Pf3D7_14_v3,35796.0,66319.0,30523.0
SMI005-K04-B02-M03,0,2,Pf3D7_14_v3,202238.0,470300.0,268062.0
SMI005-K04-B02-M03,0,2,Pf3D7_14_v3,2727779.0,3255607.0,527828.0
SMI005-K04-B02-M03,1,2,Pf3D7_01_v3,161865.0,283144.0,121279.0
SMI005-K04-B02-M03,1,2,Pf3D7_01_v3,515440.0,567657.0,52217.0
SMI005-K04-B02-M03,1,2,Pf3D7_02_v3,109248.0,617482.0,508234.0
SMI005-K04-B02-M03,1,2,Pf3D7_04_v3,91817.0,110821.0,19004.0
SMI005-K04-B02-M03,1,2,Pf3D7_04_v3,229072.0,306875.0,77803.0
SMI005-K04-B02-M03,1,2,Pf3D7_04_v3,675843.0,884927.0,209084.0
SMI005-K04-B02-M03,1,2,Pf3D7_04_v3,889316.0,993767.0,104451.0
SMI005-K04-B02-M03,1,2,Pf3D7_04_v3,1005595.0,1143965.0,138370.0
SMI005-K04-B02-M03,1,2,Pf3D7_05_v3,39872.0,131223.0,91351.0
SMI005-K04-B02-M03,1,2,Pf3D7_05_v3,154819.0,163004.0,8185.0
SMI005-K04-B02-M03,1,2,Pf3D7_05_v3,404998.0,472369.0,67371.0
SMI005-K04-B02-M03,1,2,Pf3D7_05_v3,530413.0,680745.0,150332.0
SMI005-K04-B02-M03,1,2,Pf3D7_05_v3,1007374.0,1241437.0,234063.0
SMI005-K04-B02-M03,1,2,Pf3D7_06_v3,111211.0,542221.0,431010.0
SMI005-K04-B02-M03,1,2,Pf3D7_06_v3,685943.0,1235507.0,549564.0
SMI005-K04-B02-M03,1,2,Pf3D7_07_v3,633046.0,1380526.0,747480.0
SMI005-K04-B02-M03,1,2,Pf3D7_08_v3,75691.0,97831.0,22140.0
SMI005-K04-B02-M03,1,2,Pf3D7_08_v3,486709.0,1002018.0,515309.0
SMI005-K04-B02-M03,1,2,Pf3D7_09_v3,512326.0,811232.0,298906.0
SMI005-K04-B02-M03,1,2,Pf3D7_09_v3,880434.0,1426320.0,545886.0
SMI005-K04-B02-M03,1,2,Pf3D7_09_v3,1427653.0,1464435.0,36782.0
SMI005-K04-B02-M03,1,2,Pf3D7_11_v3,301858.0,334262.0,32404.0
SMI005-K04-B02-M03,1,2,Pf3D7_11_v3,1295309.0,1476547.0,181238.0
SMI005-K04-B02-M03,1,2,Pf3D7_12_v3,2136656.0,2155095.0,18439.0
SMI005-K04-B02-M03,1,2,Pf3D7_13_v3,77901.0,379999.0,302098.0
SMI005-K04-B02-M03,1,2,Pf3D7_13_v3,2222612.0,2788579.0,565967.0
SMI005-K04-B02-M03,1,2,Pf3D7_14_v3,35796.0,66319.0,30523.0
SMI005-K04-B02-M03,1,2,Pf3D7_14_v3,202238.0,470300.0,268062.0
SMI005-K04-B02-M03,1,2,Pf3D7_14_v3,2296880.0,3087492.0,790612.0
SMI006-K04-B01-M01,0,1,Pf3D7_01_v3,95518.0,567657.0,472139.0
SMI006-K04-B01-M01,0,1,Pf3D7_02_v3,109248.0,617743.0,508495.0
SMI006-K04-B01-M01,0,1,Pf3D7_03_v3,83699.0,1002946.0,919247.0
SMI006-K04-B01-M01,0,1,Pf3D7_04_v3,91817.0,128081.0,36264.0
SMI006-K04-B01-M01,0,1,Pf3D7_04_v3,630569.0,1095788.0,465219.0
SMI006-K04-B01-M01,0,1,Pf3D7_04_v3,1100220.0,1143965.0,43745.0
SMI006-K04-B01-M01,0,1,Pf3D7_05_v3,39872.0,1114074.0,1074202.0
SMI006-K04-B01-M01,0,1,Pf3D7_06_v3,381341.0,685943.0,304602.0
SMI006-K04-B01-M01,0,1,Pf3D7_07_v3,475469.0,1048937.0,573468.0
SMI006-K04-B01-M01,0,1,Pf3D7_07_v3,1362913.0,1380526.0,17613.0
SMI006-K04-B01-M01,0,1,Pf3D7_08_v3,75691.0,913631.0,837940.0
SMI006-K04-B01-M01,0,1,Pf3D7_09_v3,164244.0,692496.0,528252.0
SMI006-K04-B01-M01,0,1,Pf3D7_10_v3,893079.0,1499415.0,606336.0
SMI006-K04-B01-M01,0,1,Pf3D7_11_v3,408413.0,1114208.0,705795.0
SMI006-K04-B01-M01,0,1,Pf3D7_12_v3,1859093.0,2155095.0,296002.0
SMI006-K04-B01-M01,0,1,Pf3D7_13_v3,77901.0,143109.0,65208.0
SMI006-K04-B01-M01,0,1,Pf3D7_14_v3,47596.0,1226565.0,1178969.0
SMI006-K04-B01-M01,0,1,Pf3D7_14_v3,2603362.0,2999453.0,396091.0
SMI006-K04-B01-M01,0,1,Pf3D7_14_v3,3087492.0,3216512.0,129020.0
SMI006-K04-B01-M01,2,3,Pf3D7_01_v3,95518.0,567657.0,472139.0
SMI006-K04-B01-M01,2,3,Pf3D7_02_v3,109248.0,166372.0,57124.0
SMI006-K04-B01-M01,2,3,Pf3D7_04_v3,515611.0,630130.0,114519.0
SMI006-K04-B01-M01,2,3,Pf3D7_04_v3,792257.0,990376.0,198119.0
SMI006-K04-B01-M01,2,3,Pf3D7_04_v3,993767.0,1100213.0,106446.0
SMI006-K04-B01-M01,2,3,Pf3D7_04_v3,1142167.0,1143965.0,1798.0
SMI006-K04-B01-M01,2,3,Pf3D7_05_v3,39872.0,1321074.0,1281202.0
SMI006-K04-B01-M01,2,3,Pf3D7_06_v3,74373.0,456868.0,382495.0
SMI006-K04-B01-M01,2,3,Pf3D7_06_v3,685943.0,1197298.0,511355.0
SMI006-K04-B01-M01,2,3,Pf3D7_07_v3,467077.0,635759.0,168682.0
SMI006-K04-B01-M01,2,3,Pf3D7_07_v3,728161.0,736978.0,8817.0
SMI006-K04-B01-M01,2,3,Pf3D7_08_v3,1311617.0,1364499.0,52882.0
SMI006-K04-B01-M01,2,3,Pf3D7_09_v3,82153.0,381019.0,298866.0
SMI006-K04-B01-M01,2,3,Pf3D7_09_v3,815088.0,1472334.0,657246.0
SMI006-K04-B01-M01,2,3,Pf3D7_10_v3,70764.0,125384.0,54620.0
SMI006-K04-B01-M01,2,3,Pf3D7_10_v3,150023.0,996034.0,846011.0
SMI006-K04-B01-M01,2,3,Pf3D7_10_v3,1554604.0,1570149.0,15545.0
SMI006-K04-B01-M01,2,3,Pf3D7_11_v3,110641.0,1114208.0,1003567.0
SMI006-K04-B01-M01,2,3,Pf3D7_13_v3,366693.0,1981018.0,1614325.0
SMI006-K04-B01-M01,2,3,Pf3D7_14_v3,1669966.0,1942874.0,272908.0
SMI006-K04-B01-M01,2,3,Pf3D7_14_v3,2603362.0,3255607.0,652245.0
SMI007-K04-B03-M01,0,1,Pf3D7_01_v3,95518.0,567657.0,472139.0
SMI007-K04-B03-M01,0,1,Pf3D7_02_v3,109248.0,638079.0,528831.0
SMI007-K04-B03-M01,0,1,Pf3D7_02_v3,841795.0,862030.0,20235.0
SMI007-K04-B03-M01,0,1,Pf3D7_03_v3,71040.0,83699.0,12659.0
SMI007-K04-B03-M01,0,1,Pf3D7_03_v3,798327.0,1002946.0,204619.0
SMI007-K04-B03-M01,0,1,Pf3D7_04_v3,91817.0,143562.0,51745.0
SMI007-K04-B03-M01,0,1,Pf3D7_04_v3,515611.0,993767.0,478156.0
SMI007-K04-B03-M01,0,1,Pf3D7_05_v3,753909.0,1321074.0,567165.0
SMI007-K04-B03-M01,0,1,Pf3D7_06_v3,74373.0,825207.0,750834.0
SMI007-K04-B03-M01,0,1,Pf3D7_07_v3,78746.0,990172.0,911426.0
SMI007-K04-B03-M01,0,1,Pf3D7_08_v3,486709.0,677481.0,190772.0
SMI007-K04-B03-M01,0,1,Pf3D7_09_v3,164244.0,1472334.0,1308090.0
SMI007-K04-B03-M01,0,1,Pf3D7_10_v3,70764.0,1570149.0,1499385.0
SMI007-K04-B03-M01,0,1,Pf3D7_11_v3,110641.0,1114208.0,1003567.0
SMI007-K04-B03-M01,0,1,Pf3D7_11_v3,1752894.0,2003008.0,250114.0
SMI007-K04-B03-M01,0,1,Pf3D7_12_v3,61435.0,1076557.0,1015122.0
SMI007-K04-B03-M01,0,1,Pf3D7_12_v3,1200907.0,2155095.0,954188.0
SMI007-K04-B03-M01,0,1,Pf3D7_13_v3,77901.0,1155025.0,1077124.0
SMI007-K04-B03-M01,0,1,Pf3D7_14_v3,787854.0,1226565.0,438711.0
SMI007-K04-B03-M01,0,1,Pf3D7_14_v3,1362567.0,2619811.0,1257244.0
SMI007-K04-B03-M01,0,1,Pf3D7_14_v3,2757814.0,3255607.0,497793.0
SMI008-K04-B03-M03,0,1,Pf3D7_01_v3,95518.0,567657.0,472139.0
SMI008-K04-B03-M03,0,1,Pf3D7_02_v3,109248.0,862030.0,752782.0
SMI008-K04-B03-M03,0,1,Pf3D7_03_v3,71040.0,329898.0,258858.0
SMI008-K04-B03-M03,0,1,Pf3D7_03_v3,471494.0,890778.0,419284.0
SMI008-K04-B03-M03,0,1,Pf3D7_03_v3,891612.0,1002946.0,111334.0
SMI008-K04-B03-M03,0,1,Pf3D7_04_v3,91817.0,132645.0,40828.0
SMI008-K04-B03-M03,0,1,Pf3D7_04_v3,144427.0,675843.0,531416.0
SMI008-K04-B03-M03,0,1,Pf3D7_04_v3,736688.0,796268.0,59580.0
SMI008-K04-B03-M03,0,1,Pf3D7_04_v3,918278.0,993767.0,75489.0
SMI008-K04-B03-M03,0,1,Pf3D7_04_v3,1006616.0,1143965.0,137349.0
SMI008-K04-B03-M03,0,1,Pf3D7_05_v3,39872.0,921360.0,881488.0
SMI008-K04-B03-M03,0,1,Pf3D7_05_v3,1007374.0,1321074.0,313700.0
SMI008-K04-B03-M03,0,1,Pf3D7_06_v3,74373.0,1294070.0,1219697.0
SMI008-K04-B03-M03,0,1,Pf3D7_07_v3,77194.0,696586.0,619392.0
SMI008-K04-B03-M03,0,1,Pf3D7_07_v3,1058754.0,1103957.0,45203.0
SMI008-K04-B03-M03,0,1,Pf3D7_08_v3,422094.0,1364499.0,942405.0
SMI008-K04-B03-M03,0,1,Pf3D7_09_v3,82153.0,164244.0,82091.0
SMI008-K04-B03-M03,0,1,Pf3D7_09_v3,165871.0,681785.0,515914.0
SMI008-K04-B03-M03,0,1,Pf3D7_09_v3,690218.0,1472334.0,782116.0
SMI008-K04-B03-M03,0,1,Pf3D7_10_v3,70764.0,341106.0,270342.0
SMI008-K04-B03-M03,0,1,Pf3D7_10_v3,700215.0,1350374.0,650159.0
SMI008-K04-B03-M03,0,1,Pf3D7_10_v3,1499415.0,1570149.0,70734.0
SMI008-K04-B03-M03,0,1,Pf3D7_11_v3,110641.0,408413.0,297772.0
SMI008-K04-B03-M03,0,1,Pf3D7_11_v3,500305.0,2003008.0,1502703.0
SMI008-K04-B03-M03,0,1,Pf3D7_12_v3,61435.0,1681840.0,1620405.0
SMI008-K04-B03-M03,0,1,Pf3D7_13_v3,102876.0,1155025.0,1052149.0
SMI008-K04-B03-M03,0,1,Pf3D7_13_v3,1341364.0,2788579.0,1447215.0
SMI008-K04-B03-M03,0,1,Pf3D7_14_v3,35796.0,3255607.0,3219811.0
SMI009-K04-B01-M03,0,1,Pf3D7_01_v3,95518.0,567657.0,472139.0
SMI009-K04-B01-M03,0,1,Pf3D7_02_v3,109248.0,862030.0,752782.0
SMI009-K04-B01-M03,0,1,Pf3D7_03_v3,71040.0,1002946.0,931906.0
SMI009-K04-B01-M03,0,1,Pf3D7_04_v3,91817.0,1143965.0,1052148.0
SMI009-K04-B01-M03,0,1,Pf3D7_05_v3,39872.0,1321074.0,1281202.0
SMI009-K04-B01-M03,0,1,Pf3D7_06_v3,74373.0,1294070.0,1219697.0
SMI009-K04-B01-M03,0,1,Pf3D7_07_v3,77194.0,1380526.0,1303332.0
SMI009-K04-B01-M03,0,1,Pf3D7_08_v3,75691.0,1364499.0,1288808.0
SMI009-K04-B01-M03,0,1,Pf3D7_09_v3,82153.0,1472334.0,1390181.0
SMI009-K04-B01-M03,0,1,Pf3D7_10_v3,70764.0,1570149.0,1499385.0
SMI009-K04-B01-M03,0,1,Pf3D7_11_v3,110641.0,2003008.0,1892367.0
SMI009-K04-B01-M03,0,1,Pf3D7_12_v3,61435.0,2155095.0,2093660.0
SMI009-K04-B01-M03,0,1,Pf3D7_13_v3,77901.0,2788579.0,2710678.0
SMI009-K04-B01-M03,0,1,Pf3D7_14_v3,35796.0,3255607.0,3219811.0
SMI009-K04-B01-M03,0,2,Pf3D7_01_v3,95518.0,567657.0,472139.0
SMI009-K04-B01-M03,0,2,Pf3D7_02_v3,109248.0,862030.0,752782.0
SMI009-K04-B01-M03,0,2,Pf3D7_03_v3,71040.0,1002946.0,931906.0
SMI009-K04-B01-M03,0,2,Pf3D7_04_v3,91817.0,1143965.0,1052148.0
SMI009-K04-B01-M03,0,2,Pf3D7_05_v3,39872.0,1321074.0,1281202.0
SMI009-K04-B01-M03,0,2,Pf3D7_06_v3,74373.0,1294070.0,1219697.0
SMI009-K04-B01-M03,0,2,Pf3D7_07_v3,77194.0,1380526.0,1303332.0
SMI009-K04-B01-M03,0,2,Pf3D7_08_v3,75691.0,1364499.0,1288808.0
SMI009-K04-B01-M03,0,2,Pf3D7_09_v3,82153.0,1472334.0,1390181.0
SMI009-K04-B01-M03,0,2,Pf3D7_10_v3,70764.0,1570149.0,1499385.0
SMI009-K04-B01-M03,0,2,Pf3D7_11_v3,110641.0,2003008.0,1892367.0
SMI009-K04-B01-M03,0,2,Pf3D7_12_v3,61435.0,2155095.0,2093660.0
SMI009-K04-B01-M03,0,2,Pf3D7_13_v3,77901.0,2788579.0,2710678.0
SMI009-K04-B01-M03,0,2,Pf3D7_14_v3,35796.0,3255607.0,3219811.0
SMI009-K04-B01-M03,0,3,Pf3D7_01_v3,95518.0,567657.0,472139.0
SMI009-K04-B01-M03,0,3,Pf3D7_02_v3,109248.0,862030.0,752782.0
SMI009-K04-B01-M03,0,3,Pf3D7_03_v3,71040.0,1002946.0,931906.0
SMI009-K04-B01-M03,0,3,Pf3D7_04_v3,91817.0,1143965.0,1052148.0
SMI009-K04-B01-M03,0,3,Pf3D7_05_v3,39872.0,1321074.0,1281202.0
SMI009-K04-B01-M03,0,3,Pf3D7_06_v3,74373.0,1294070.0,1219697.0
SMI009-K04-B01-M03,0,3,Pf3D7_07_v3,77194.0,1380526.0,1303332.0
SMI009-K04-B01-M03,0,3,Pf3D7_08_v3,75691.0,1364499.0,1288808.0
SMI009-K04-B01-M03,0,3,Pf3D7_09_v3,82153.0,1472334.0,1390181.0
SMI009-K04-B01-M03,0,3,Pf3D7_10_v3,70764.0,1570149.0,1499385.0
SMI009-K04-B01-M03,0,3,Pf3D7_11_v3,110641.0,2003008.0,1892367.0
SMI009-K04-B01-M03,0,3,Pf3D7_12_v3,61435.0,2155095.0,2093660.0
SMI009-K04-B01-M03,0,3,Pf3D7_13_v3,77901.0,2788579.0,2710678.0
SMI009-K04-B01-M03,0,3,Pf3D7_14_v3,35796.0,3255607.0,3219811.0
SMI009-K04-B01-M03,1,2,Pf3D7_01_v3,95518.0,567657.0,472139.0
SMI009-K04-B01-M03,1,2,Pf3D7_02_v3,109248.0,862030.0,752782.0
SMI009-K04-B01-M03,1,2,Pf3D7_03_v3,71040.0,1002946.0,931906.0
SMI009-K04-B01-M03,1,2,Pf3D7_04_v3,91817.0,1143965.0,1052148.0
SMI009-K04-B01-M03,1,2,Pf3D7_05_v3,39872.0,1321074.0,1281202.0
SMI009-K04-B01-M03,1,2,Pf3D7_06_v3,74373.0,1294070.0,1219697.0
SMI009-K04-B01-M03,1,2,Pf3D7_07_v3,77194.0,1380526.0,1303332.0
SMI009-K04-B01-M03,1,2,Pf3D7_08_v3,75691.0,1364499.0,1288808.0
SMI009-K04-B01-M03,1,2,Pf3D7_09_v3,82153.0,1472334.0,1390181.0
SMI009-K04-B01-M03,1,2,Pf3D7_10_v3,70764.0,1570149.0,1499385.0
SMI009-K04-B01-M03,1,2,Pf3D7_11_v3,110641.0,2003008.0,1892367.0
SMI009-K04-B01-M03,1,2,Pf3D7_12_v3,61435.0,2155095.0,2093660.0
SMI009-K04-B01-M03,1,2,Pf3D7_13_v3,77901.0,2788579.0,2710678.0
SMI009-K04-B01-M03,1,2,Pf3D7_14_v3,35796.0,3255607.0,3219811.0
SMI009-K04-B01-M03,1,3,Pf3D7_01_v3,95518.0,567657.0,472139.0
SMI009-K04-B01-M03,1,3,Pf3D7_02_v3,109248.0,862030.0,752782.0
SMI009-K04-B01-M03,1,3,Pf3D7_03_v3,71040.0,1002946.0,931906.0
SMI009-K04-B01-M03,1,3,Pf3D7_04_v3,91817.0,1143965.0,1052148.0
SMI009-K04-B01-M03,1,3,Pf3D7_05_v3,39872.0,1321074.0,1281202.0
SMI009-K04-B01-M03,1,3,Pf3D7_06_v3,74373.0,1294070.0,1219697.0
SMI009-K04-B01-M03,1,3,Pf3D7_07_v3,77194.0,1380526.0,1303332.0
SMI009-K04-B01-M03,1,3,Pf3D7_08_v3,75691.0,1364499.0,1288808.0
SMI009-K04-B01-M03,1,3,Pf3D7_09_v3,82153.0,1472334.0,1390181.0
SMI009-K04-B01-M03,1,3,Pf3D7_10_v3,70764.0,1570149.0,1499385.0
SMI009-K04-B01-M03,1,3,Pf3D7_11_v3,110641.0,2003008.0,1892367.0
SMI009-K04-B01-M03,1,3,Pf3D7_12_v3,61435.0,2155095.0,2093660.0
SMI009-K04-B01-M03,1,3,Pf3D7_13_v3,77901.0,2788579.0,2710678.0
SMI009-K04-B01-M03,1,3,Pf3D7_14_v3,35796.0,3255607.0,3219811.0
SMI009-K04-B01-M03,2,3,Pf3D7_01_v3,95518.0,567657.0,472139.0
SMI009-K04-B01-M03,2,3,Pf3D7_02_v3,109248.0,862030.0,752782.0
SMI009-K04-B01-M03,2,3,Pf3D7_03_v3,71040.0,1002946.0,931906.0
SMI009-K04-B01-M03,2,3,Pf3D7_04_v3,91817.0,1143965.0,1052148.0
SMI009-K04-B01-M03,2,3,Pf3D7_05_v3,39872.0,1321074.0,1281202.0
SMI009-K04-B01-M03,2,3,Pf3D7_06_v3,74373.0,1294070.0,1219697.0
SMI009-K04-B01-M03,2,3,Pf3D7_07_v3,77194.0,1380526.0,1303332.0
SMI009-K04-B01-M03,2,3,Pf3D7_08_v3,75691.0,1364499.0,1288808.0
SMI009-K04-B01-M03,2,3,Pf3D7_09_v3,82153.0,1472334.0,1390181.0
SMI009-K04-B01-M03,2,3,Pf3D7_10_v3,70764.0,1570149.0,1499385.0
SMI009-K04-B01-M03,2,3,Pf3D7_11_v3,110641.0,2003008.0,1892367.0
SMI009-K04-B01-M03,2,3,Pf3D7_12_v3,61435.0,2155095.0,2093660.0
SMI009-K04-B01-M03,2,3,Pf3D7_13_v3,77901.0,2788579.0,2710678.0
SMI009-K04-B01-M03,2,3,Pf3D7_14_v3,35796.0,3255607.0,3219811.0
